movie_ids,semantic_ids
0,"[0, 8, 16]"
1,"[16, 30, 26]"
2,"[0, 8, 16]"
3,"[0, 8, 16]"
4,"[0, 8, 16]"
5,"[0, 8, 16]"
6,"[0, 8, 16]"
7,"[0, 8, 16]"
8,"[0, 8, 16]"
9,"[0, 8, 16]"
10,"[0, 8, 16]"
11,"[0, 8, 16]"
12,"[0, 8, 16]"
13,"[0, 8, 16]"
14,"[0, 8, 16]"
15,"[0, 8, 16]"
16,"[16, 6, 28]"
17,"[0, 8, 16]"
18,"[0, 8, 16]"
19,"[0, 8, 16]"
20,"[0, 8, 16]"
21,"[0, 8, 16]"
22,"[0, 8, 16]"
23,"[0, 8, 16]"
24,"[16, 6, 28]"
25,"[0, 8, 16]"
26,"[0, 8, 16]"
27,"[16, 6, 28]"
28,"[0, 8, 16]"
29,"[0, 8, 16]"
30,"[0, 8, 16]"
31,"[0, 8, 16]"
32,"[0, 8, 16]"
33,"[16, 6, 28]"
34,"[0, 8, 16]"
35,"[16, 6, 26]"
36,"[0, 8, 16]"
37,"[0, 8, 16]"
38,"[0, 8, 16]"
39,"[0, 8, 16]"
40,"[0, 8, 16]"
41,"[0, 8, 16]"
42,"[0, 8, 16]"
43,"[0, 8, 16]"
44,"[16, 6, 28]"
45,"[0, 8, 16]"
46,"[16, 6, 28]"
47,"[16, 6, 28]"
48,"[0, 8, 16]"
49,"[0, 8, 16]"
50,"[0, 8, 16]"
51,"[0, 8, 16]"
52,"[0, 8, 16]"
53,"[16, 30, 26]"
54,"[0, 8, 16]"
55,"[16, 6, 28]"
56,"[0, 8, 16]"
57,"[16, 30, 26]"
58,"[0, 8, 16]"
59,"[0, 8, 16]"
60,"[0, 8, 16]"
61,"[0, 8, 16]"
62,"[0, 8, 16]"
63,"[0, 8, 16]"
64,"[0, 8, 16]"
65,"[0, 8, 16]"
66,"[0, 8, 16]"
67,"[0, 8, 16]"
68,"[0, 8, 16]"
69,"[16, 6, 28]"
70,"[16, 6, 28]"
71,"[0, 8, 16]"
72,"[0, 8, 16]"
73,"[16, 6, 26]"
74,"[0, 8, 16]"
75,"[0, 8, 16]"
76,"[0, 8, 16]"
77,"[16, 6, 28]"
78,"[0, 8, 16]"
79,"[0, 8, 16]"
80,"[0, 8, 16]"
81,"[16, 6, 28]"
82,"[0, 8, 16]"
83,"[0, 8, 16]"
84,"[0, 8, 16]"
85,"[0, 8, 16]"
86,"[0, 8, 16]"
87,"[0, 8, 16]"
88,"[0, 8, 16]"
89,"[0, 8, 16]"
90,"[0, 8, 16]"
91,"[0, 8, 16]"
92,"[0, 8, 16]"
93,"[0, 8, 16]"
94,"[16, 6, 26]"
95,"[0, 8, 16]"
96,"[0, 8, 16]"
97,"[0, 8, 16]"
98,"[0, 8, 16]"
99,"[0, 8, 16]"
100,"[16, 6, 28]"
101,"[0, 8, 16]"
102,"[0, 8, 16]"
103,"[16, 6, 26]"
104,"[0, 8, 16]"
105,"[0, 8, 16]"
106,"[0, 8, 16]"
107,"[0, 8, 16]"
108,"[0, 8, 16]"
109,"[16, 6, 26]"
110,"[0, 8, 16]"
111,"[0, 8, 16]"
112,"[0, 8, 16]"
113,"[0, 8, 16]"
114,"[0, 8, 16]"
115,"[0, 8, 16]"
116,"[0, 8, 16]"
117,"[0, 8, 16]"
118,"[16, 30, 26]"
119,"[16, 6, 26]"
120,"[0, 8, 16]"
121,"[16, 6, 28]"
122,"[0, 8, 16]"
123,"[0, 8, 16]"
124,"[16, 6, 26]"
125,"[16, 6, 26]"
126,"[16, 6, 28]"
127,"[0, 8, 16]"
128,"[0, 8, 16]"
129,"[0, 8, 16]"
130,"[0, 8, 16]"
131,"[0, 8, 16]"
132,"[0, 8, 16]"
133,"[0, 8, 16]"
134,"[0, 8, 16]"
135,"[0, 8, 16]"
136,"[0, 8, 16]"
137,"[0, 8, 16]"
138,"[0, 8, 16]"
139,"[0, 8, 16]"
140,"[0, 8, 16]"
141,"[0, 8, 16]"
142,"[0, 8, 16]"
143,"[0, 8, 16]"
144,"[0, 8, 26]"
145,"[0, 8, 16]"
146,"[16, 6, 26]"
147,"[16, 6, 28]"
148,"[0, 8, 16]"
149,"[0, 8, 16]"
150,"[0, 8, 16]"
151,"[0, 8, 16]"
152,"[0, 8, 16]"
153,"[0, 8, 16]"
154,"[0, 8, 16]"
155,"[0, 8, 16]"
156,"[0, 8, 16]"
157,"[0, 8, 16]"
158,"[0, 8, 16]"
159,"[0, 8, 16]"
160,"[0, 8, 16]"
161,"[0, 8, 16]"
162,"[0, 8, 16]"
163,"[16, 6, 28]"
164,"[0, 8, 16]"
165,"[0, 8, 16]"
166,"[16, 6, 28]"
167,"[0, 8, 16]"
168,"[0, 8, 16]"
169,"[0, 8, 16]"
170,"[0, 8, 16]"
171,"[0, 8, 16]"
172,"[0, 8, 16]"
173,"[0, 8, 16]"
174,"[0, 8, 16]"
175,"[0, 8, 16]"
176,"[0, 8, 16]"
177,"[0, 8, 16]"
178,"[0, 8, 16]"
179,"[0, 8, 16]"
180,"[0, 8, 16]"
181,"[0, 8, 16]"
182,"[16, 6, 28]"
183,"[0, 8, 16]"
184,"[0, 8, 16]"
185,"[16, 6, 28]"
186,"[0, 8, 16]"
187,"[0, 8, 16]"
188,"[0, 8, 16]"
189,"[16, 6, 26]"
190,"[16, 6, 28]"
191,"[0, 8, 16]"
192,"[0, 8, 16]"
193,"[0, 8, 16]"
194,"[0, 8, 16]"
195,"[0, 8, 16]"
196,"[0, 8, 16]"
197,"[0, 8, 16]"
198,"[16, 6, 28]"
199,"[0, 8, 16]"
200,"[0, 8, 16]"
201,"[0, 8, 16]"
202,"[0, 8, 16]"
203,"[0, 8, 16]"
204,"[16, 6, 28]"
205,"[0, 8, 16]"
206,"[0, 8, 16]"
207,"[0, 8, 16]"
208,"[0, 8, 16]"
209,"[0, 8, 16]"
210,"[0, 8, 16]"
211,"[0, 8, 16]"
212,"[0, 8, 16]"
213,"[0, 8, 16]"
214,"[0, 8, 16]"
215,"[0, 8, 16]"
216,"[0, 8, 16]"
217,"[0, 8, 16]"
218,"[0, 8, 16]"
219,"[0, 8, 16]"
220,"[0, 8, 16]"
221,"[0, 8, 16]"
222,"[0, 8, 16]"
223,"[16, 6, 28]"
224,"[0, 8, 16]"
225,"[0, 8, 16]"
226,"[0, 8, 16]"
227,"[16, 6, 26]"
228,"[16, 30, 26]"
229,"[0, 8, 16]"
230,"[16, 6, 28]"
231,"[0, 8, 16]"
232,"[0, 8, 16]"
233,"[0, 8, 16]"
234,"[0, 8, 16]"
235,"[0, 8, 16]"
236,"[0, 8, 16]"
237,"[0, 8, 16]"
238,"[0, 8, 16]"
239,"[16, 30, 26]"
240,"[0, 8, 16]"
241,"[16, 6, 26]"
242,"[0, 8, 16]"
243,"[0, 8, 16]"
244,"[0, 8, 16]"
245,"[0, 8, 16]"
246,"[16, 6, 28]"
247,"[18, 6, 26]"
248,"[0, 8, 16]"
249,"[0, 8, 16]"
250,"[0, 8, 16]"
251,"[16, 6, 28]"
252,"[0, 8, 16]"
253,"[0, 8, 16]"
254,"[0, 8, 16]"
255,"[0, 8, 16]"
256,"[0, 8, 16]"
257,"[0, 8, 16]"
258,"[0, 8, 16]"
259,"[0, 8, 16]"
260,"[0, 8, 16]"
261,"[0, 8, 16]"
262,"[0, 8, 16]"
263,"[0, 8, 16]"
264,"[0, 8, 16]"
265,"[0, 8, 16]"
266,"[0, 8, 16]"
267,"[0, 8, 16]"
268,"[0, 8, 16]"
269,"[0, 8, 16]"
270,"[0, 8, 16]"
271,"[16, 6, 28]"
272,"[0, 8, 16]"
273,"[0, 8, 16]"
274,"[0, 8, 16]"
275,"[0, 8, 16]"
276,"[0, 8, 16]"
277,"[0, 8, 16]"
278,"[0, 8, 16]"
279,"[16, 6, 28]"
280,"[16, 6, 28]"
281,"[0, 8, 16]"
282,"[0, 8, 16]"
283,"[0, 8, 16]"
284,"[0, 8, 16]"
285,"[0, 8, 16]"
286,"[0, 8, 16]"
287,"[0, 8, 16]"
288,"[0, 8, 16]"
289,"[0, 8, 16]"
290,"[0, 8, 16]"
291,"[0, 8, 16]"
292,"[0, 8, 16]"
293,"[0, 8, 16]"
294,"[16, 30, 26]"
295,"[0, 8, 16]"
296,"[0, 8, 16]"
297,"[0, 8, 16]"
298,"[0, 8, 16]"
299,"[0, 8, 16]"
300,"[0, 8, 16]"
301,"[0, 8, 16]"
302,"[0, 8, 16]"
303,"[16, 6, 26]"
304,"[0, 8, 16]"
305,"[0, 8, 16]"
306,"[0, 8, 16]"
307,"[0, 8, 16]"
308,"[0, 8, 16]"
309,"[0, 8, 16]"
310,"[0, 8, 16]"
311,"[0, 8, 16]"
312,"[0, 8, 16]"
313,"[0, 8, 16]"
314,"[0, 8, 16]"
315,"[0, 8, 16]"
316,"[0, 8, 16]"
317,"[0, 8, 16]"
318,"[0, 8, 16]"
319,"[0, 8, 16]"
320,"[0, 8, 16]"
321,"[0, 8, 16]"
322,"[16, 6, 28]"
323,"[0, 8, 16]"
324,"[0, 8, 16]"
325,"[0, 8, 16]"
326,"[0, 8, 16]"
327,"[0, 8, 16]"
328,"[0, 8, 16]"
329,"[16, 6, 28]"
330,"[0, 8, 16]"
331,"[0, 8, 16]"
332,"[0, 8, 16]"
333,"[0, 8, 16]"
334,"[0, 8, 16]"
335,"[0, 8, 16]"
336,"[0, 8, 16]"
337,"[16, 6, 28]"
338,"[0, 8, 16]"
339,"[16, 6, 26]"
340,"[0, 8, 16]"
341,"[0, 8, 16]"
342,"[0, 8, 16]"
343,"[16, 6, 28]"
344,"[0, 8, 16]"
345,"[0, 8, 16]"
346,"[0, 8, 16]"
347,"[0, 8, 16]"
348,"[0, 8, 16]"
349,"[0, 8, 16]"
350,"[0, 8, 16]"
351,"[0, 8, 16]"
352,"[0, 8, 16]"
353,"[16, 6, 28]"
354,"[0, 8, 16]"
355,"[0, 8, 16]"
356,"[0, 8, 16]"
357,"[0, 8, 16]"
358,"[0, 8, 16]"
359,"[0, 8, 16]"
360,"[0, 8, 16]"
361,"[0, 8, 16]"
362,"[0, 8, 16]"
363,"[0, 8, 16]"
364,"[0, 8, 16]"
365,"[0, 8, 16]"
366,"[0, 8, 16]"
367,"[0, 8, 16]"
368,"[0, 8, 16]"
369,"[0, 8, 16]"
370,"[0, 8, 16]"
371,"[0, 8, 16]"
372,"[0, 8, 16]"
373,"[0, 8, 16]"
374,"[0, 8, 16]"
375,"[0, 8, 16]"
376,"[0, 8, 16]"
377,"[0, 8, 16]"
378,"[0, 8, 16]"
379,"[0, 8, 16]"
380,"[0, 8, 16]"
381,"[0, 8, 16]"
382,"[0, 8, 16]"
383,"[0, 8, 16]"
384,"[0, 8, 16]"
385,"[0, 8, 16]"
386,"[0, 8, 16]"
387,"[0, 8, 16]"
388,"[0, 8, 16]"
389,"[0, 8, 16]"
390,"[0, 8, 16]"
391,"[0, 8, 16]"
392,"[16, 6, 28]"
393,"[0, 8, 16]"
394,"[0, 8, 16]"
395,"[0, 8, 16]"
396,"[0, 8, 16]"
397,"[0, 8, 16]"
398,"[0, 8, 16]"
399,"[0, 8, 16]"
400,"[0, 8, 16]"
401,"[0, 8, 16]"
402,"[0, 8, 16]"
403,"[0, 8, 16]"
404,"[0, 8, 16]"
405,"[0, 8, 16]"
406,"[0, 8, 16]"
407,"[0, 8, 16]"
408,"[0, 8, 16]"
409,"[16, 6, 26]"
410,"[0, 8, 16]"
411,"[0, 8, 16]"
412,"[16, 6, 28]"
413,"[0, 8, 16]"
414,"[0, 8, 16]"
415,"[0, 8, 16]"
416,"[0, 8, 16]"
417,"[0, 8, 16]"
418,"[0, 8, 16]"
419,"[0, 8, 16]"
420,"[0, 8, 16]"
421,"[0, 8, 16]"
422,"[0, 8, 16]"
423,"[0, 8, 16]"
424,"[0, 8, 16]"
425,"[0, 8, 16]"
426,"[0, 8, 16]"
427,"[16, 6, 28]"
428,"[0, 8, 16]"
429,"[0, 8, 16]"
430,"[0, 8, 16]"
431,"[0, 8, 16]"
432,"[0, 8, 16]"
433,"[0, 8, 16]"
434,"[0, 8, 16]"
435,"[16, 6, 28]"
436,"[0, 8, 16]"
437,"[0, 8, 16]"
438,"[0, 8, 16]"
439,"[0, 8, 16]"
440,"[0, 8, 16]"
441,"[0, 8, 16]"
442,"[0, 8, 16]"
443,"[0, 8, 16]"
444,"[0, 8, 16]"
445,"[0, 8, 16]"
446,"[0, 8, 16]"
447,"[0, 8, 16]"
448,"[0, 8, 16]"
449,"[0, 8, 16]"
450,"[0, 8, 16]"
451,"[0, 8, 16]"
452,"[0, 8, 16]"
453,"[0, 8, 16]"
454,"[0, 8, 16]"
455,"[0, 8, 16]"
456,"[0, 8, 16]"
457,"[0, 8, 16]"
458,"[0, 8, 16]"
459,"[0, 8, 16]"
460,"[0, 8, 16]"
461,"[0, 8, 16]"
462,"[0, 8, 16]"
463,"[0, 8, 16]"
464,"[16, 6, 28]"
465,"[0, 8, 16]"
466,"[0, 8, 16]"
467,"[0, 8, 16]"
468,"[0, 8, 16]"
469,"[0, 8, 16]"
470,"[0, 8, 16]"
471,"[0, 8, 16]"
472,"[0, 8, 16]"
473,"[0, 8, 16]"
474,"[0, 8, 16]"
475,"[16, 6, 28]"
476,"[0, 8, 16]"
477,"[0, 8, 16]"
478,"[0, 8, 16]"
479,"[0, 8, 16]"
480,"[0, 8, 16]"
481,"[0, 8, 16]"
482,"[0, 8, 16]"
483,"[0, 8, 16]"
484,"[0, 8, 16]"
485,"[0, 8, 16]"
486,"[0, 8, 16]"
487,"[0, 8, 16]"
488,"[0, 8, 16]"
489,"[0, 8, 16]"
490,"[0, 8, 16]"
491,"[0, 8, 16]"
492,"[0, 8, 16]"
493,"[0, 8, 16]"
494,"[0, 8, 16]"
495,"[0, 8, 16]"
496,"[0, 8, 16]"
497,"[0, 8, 16]"
498,"[0, 8, 16]"
499,"[16, 6, 28]"
500,"[0, 8, 16]"
501,"[0, 8, 16]"
502,"[0, 8, 16]"
503,"[0, 8, 16]"
504,"[0, 8, 16]"
505,"[0, 8, 16]"
506,"[0, 8, 16]"
507,"[0, 8, 16]"
508,"[16, 6, 28]"
509,"[0, 8, 16]"
510,"[0, 8, 16]"
511,"[0, 8, 16]"
512,"[0, 8, 16]"
513,"[16, 6, 26]"
514,"[0, 8, 16]"
515,"[0, 8, 16]"
516,"[0, 8, 16]"
517,"[0, 8, 16]"
518,"[0, 8, 16]"
519,"[16, 6, 28]"
520,"[16, 6, 26]"
521,"[0, 8, 16]"
522,"[0, 8, 16]"
523,"[0, 8, 16]"
524,"[0, 8, 16]"
525,"[0, 8, 16]"
526,"[0, 8, 16]"
527,"[0, 8, 16]"
528,"[0, 8, 16]"
529,"[0, 8, 16]"
530,"[0, 8, 16]"
531,"[0, 8, 16]"
532,"[0, 8, 16]"
533,"[0, 8, 16]"
534,"[0, 8, 16]"
535,"[0, 8, 16]"
536,"[0, 8, 16]"
537,"[0, 8, 16]"
538,"[0, 8, 16]"
539,"[0, 8, 16]"
540,"[16, 6, 26]"
541,"[0, 8, 16]"
542,"[0, 8, 16]"
543,"[0, 8, 16]"
544,"[16, 6, 28]"
545,"[0, 8, 16]"
546,"[0, 8, 16]"
547,"[0, 8, 16]"
548,"[0, 8, 16]"
549,"[0, 8, 16]"
550,"[0, 8, 16]"
551,"[0, 8, 16]"
552,"[0, 8, 16]"
553,"[0, 8, 16]"
554,"[0, 8, 16]"
555,"[0, 8, 16]"
556,"[0, 8, 16]"
557,"[16, 6, 26]"
558,"[0, 8, 16]"
559,"[16, 6, 28]"
560,"[0, 8, 16]"
561,"[0, 8, 16]"
562,"[0, 8, 16]"
563,"[0, 8, 16]"
564,"[0, 8, 16]"
565,"[0, 8, 16]"
566,"[16, 6, 28]"
567,"[0, 8, 16]"
568,"[0, 8, 16]"
569,"[0, 8, 16]"
570,"[0, 8, 16]"
571,"[0, 8, 16]"
572,"[0, 8, 16]"
573,"[0, 8, 16]"
574,"[0, 8, 16]"
575,"[0, 8, 16]"
576,"[0, 8, 16]"
577,"[16, 6, 28]"
578,"[0, 8, 16]"
579,"[0, 8, 16]"
580,"[0, 8, 16]"
581,"[0, 8, 16]"
582,"[0, 8, 16]"
583,"[16, 6, 28]"
584,"[0, 8, 16]"
585,"[0, 8, 16]"
586,"[0, 8, 16]"
587,"[0, 8, 16]"
588,"[0, 8, 16]"
589,"[0, 8, 16]"
590,"[0, 8, 16]"
591,"[0, 8, 16]"
592,"[16, 6, 28]"
593,"[0, 8, 16]"
594,"[0, 8, 16]"
595,"[0, 8, 16]"
596,"[0, 8, 16]"
597,"[0, 8, 16]"
598,"[0, 8, 16]"
599,"[0, 8, 16]"
600,"[0, 8, 16]"
601,"[0, 8, 16]"
602,"[0, 8, 16]"
603,"[0, 8, 16]"
604,"[0, 8, 16]"
605,"[0, 8, 16]"
606,"[0, 8, 16]"
607,"[0, 8, 16]"
608,"[0, 8, 16]"
609,"[0, 8, 16]"
610,"[0, 8, 16]"
611,"[0, 8, 16]"
612,"[0, 8, 16]"
613,"[0, 8, 16]"
614,"[0, 8, 16]"
615,"[0, 8, 16]"
616,"[16, 6, 28]"
617,"[0, 8, 16]"
618,"[0, 8, 16]"
619,"[0, 8, 16]"
620,"[0, 8, 16]"
621,"[0, 8, 16]"
622,"[0, 8, 16]"
623,"[0, 25, 26]"
624,"[0, 8, 16]"
625,"[0, 8, 16]"
626,"[0, 8, 16]"
627,"[0, 8, 16]"
628,"[0, 8, 16]"
629,"[0, 8, 16]"
630,"[0, 8, 16]"
631,"[0, 8, 16]"
632,"[0, 8, 16]"
633,"[0, 8, 16]"
634,"[16, 6, 26]"
635,"[0, 8, 16]"
636,"[0, 8, 16]"
637,"[0, 8, 16]"
638,"[0, 8, 16]"
639,"[0, 8, 16]"
640,"[0, 8, 16]"
641,"[0, 8, 16]"
642,"[0, 8, 16]"
643,"[16, 6, 28]"
644,"[0, 8, 16]"
645,"[0, 8, 16]"
646,"[0, 8, 16]"
647,"[0, 8, 16]"
648,"[0, 8, 16]"
649,"[0, 8, 16]"
650,"[0, 8, 16]"
651,"[0, 8, 16]"
652,"[0, 8, 16]"
653,"[0, 8, 16]"
654,"[0, 8, 16]"
655,"[0, 8, 16]"
656,"[0, 8, 16]"
657,"[16, 6, 26]"
658,"[0, 8, 16]"
659,"[0, 8, 16]"
660,"[0, 8, 16]"
661,"[16, 6, 28]"
662,"[0, 8, 16]"
663,"[0, 8, 16]"
664,"[0, 8, 16]"
665,"[16, 6, 26]"
666,"[0, 8, 16]"
667,"[0, 8, 16]"
668,"[0, 8, 16]"
669,"[16, 6, 28]"
670,"[0, 8, 16]"
671,"[0, 8, 16]"
672,"[0, 8, 16]"
673,"[0, 8, 16]"
674,"[0, 8, 16]"
675,"[0, 8, 16]"
676,"[0, 8, 16]"
677,"[16, 6, 28]"
678,"[0, 8, 16]"
679,"[0, 8, 16]"
680,"[0, 8, 16]"
681,"[0, 8, 16]"
682,"[0, 8, 16]"
683,"[16, 6, 28]"
684,"[16, 6, 28]"
685,"[0, 8, 16]"
686,"[0, 8, 16]"
687,"[0, 8, 16]"
688,"[0, 8, 16]"
689,"[0, 8, 16]"
690,"[0, 8, 16]"
691,"[16, 30, 26]"
692,"[0, 8, 16]"
693,"[0, 8, 16]"
694,"[0, 8, 16]"
695,"[0, 8, 16]"
696,"[0, 8, 16]"
697,"[0, 8, 16]"
698,"[0, 8, 16]"
699,"[0, 8, 16]"
700,"[0, 8, 16]"
701,"[0, 8, 16]"
702,"[0, 8, 16]"
703,"[0, 8, 16]"
704,"[0, 8, 16]"
705,"[0, 8, 16]"
706,"[0, 8, 16]"
707,"[0, 8, 16]"
708,"[0, 8, 16]"
709,"[0, 8, 16]"
710,"[0, 8, 16]"
711,"[0, 8, 16]"
712,"[0, 8, 16]"
713,"[0, 8, 16]"
714,"[0, 8, 16]"
715,"[0, 8, 16]"
716,"[0, 8, 16]"
717,"[0, 8, 16]"
718,"[0, 8, 16]"
719,"[0, 8, 16]"
720,"[0, 8, 16]"
721,"[0, 8, 16]"
722,"[0, 8, 16]"
723,"[0, 8, 16]"
724,"[0, 8, 16]"
725,"[0, 8, 16]"
726,"[16, 6, 28]"
727,"[0, 8, 16]"
728,"[0, 8, 16]"
729,"[0, 8, 16]"
730,"[0, 8, 16]"
731,"[0, 8, 16]"
732,"[0, 8, 16]"
733,"[0, 8, 16]"
734,"[0, 8, 16]"
735,"[0, 8, 16]"
736,"[0, 8, 16]"
737,"[0, 8, 16]"
738,"[16, 30, 26]"
739,"[0, 8, 16]"
740,"[0, 8, 16]"
741,"[0, 8, 16]"
742,"[0, 8, 16]"
743,"[0, 8, 16]"
744,"[0, 8, 16]"
745,"[0, 8, 16]"
746,"[0, 8, 16]"
747,"[16, 6, 14]"
748,"[16, 6, 14]"
749,"[0, 8, 16]"
750,"[16, 6, 28]"
751,"[0, 8, 16]"
752,"[0, 8, 16]"
753,"[0, 8, 16]"
754,"[0, 8, 16]"
755,"[16, 6, 28]"
756,"[0, 8, 16]"
757,"[0, 8, 16]"
758,"[0, 8, 16]"
759,"[0, 8, 16]"
760,"[0, 8, 16]"
761,"[0, 8, 16]"
762,"[16, 6, 14]"
763,"[0, 8, 16]"
764,"[0, 8, 16]"
765,"[0, 8, 16]"
766,"[16, 6, 26]"
767,"[0, 8, 16]"
768,"[0, 8, 16]"
769,"[0, 8, 16]"
770,"[0, 8, 16]"
771,"[0, 8, 16]"
772,"[0, 8, 16]"
773,"[0, 8, 16]"
774,"[0, 8, 16]"
775,"[0, 8, 16]"
776,"[16, 6, 28]"
777,"[0, 8, 16]"
778,"[18, 24, 16]"
779,"[0, 8, 16]"
780,"[16, 6, 28]"
781,"[16, 6, 28]"
782,"[0, 8, 16]"
783,"[0, 8, 16]"
784,"[0, 8, 16]"
785,"[0, 8, 16]"
786,"[16, 6, 26]"
787,"[0, 8, 16]"
788,"[0, 8, 16]"
789,"[0, 8, 16]"
790,"[0, 8, 16]"
791,"[16, 6, 28]"
792,"[0, 8, 16]"
793,"[16, 6, 28]"
794,"[0, 8, 16]"
795,"[0, 8, 16]"
796,"[0, 8, 16]"
797,"[0, 8, 16]"
798,"[0, 8, 16]"
799,"[0, 8, 16]"
800,"[0, 8, 16]"
801,"[0, 8, 16]"
802,"[0, 8, 16]"
803,"[0, 8, 16]"
804,"[16, 6, 28]"
805,"[0, 8, 16]"
806,"[0, 8, 16]"
807,"[0, 8, 16]"
808,"[0, 8, 16]"
809,"[0, 8, 16]"
810,"[0, 8, 16]"
811,"[16, 6, 26]"
812,"[0, 8, 16]"
813,"[0, 8, 16]"
814,"[0, 8, 16]"
815,"[0, 8, 16]"
816,"[0, 8, 16]"
817,"[0, 8, 16]"
818,"[0, 8, 16]"
819,"[0, 8, 16]"
820,"[0, 8, 16]"
821,"[0, 8, 16]"
822,"[16, 6, 28]"
823,"[0, 8, 16]"
824,"[0, 8, 16]"
825,"[0, 8, 16]"
826,"[0, 8, 16]"
827,"[0, 8, 16]"
828,"[0, 8, 16]"
829,"[16, 6, 28]"
830,"[0, 8, 16]"
831,"[0, 8, 16]"
832,"[0, 8, 16]"
833,"[0, 8, 16]"
834,"[0, 8, 16]"
835,"[0, 8, 16]"
836,"[0, 8, 16]"
837,"[0, 8, 16]"
838,"[0, 8, 16]"
839,"[0, 8, 16]"
840,"[0, 8, 16]"
841,"[0, 8, 16]"
842,"[0, 8, 16]"
843,"[0, 8, 16]"
844,"[0, 8, 16]"
845,"[0, 8, 16]"
846,"[0, 13, 14]"
847,"[0, 8, 16]"
848,"[16, 30, 26]"
849,"[0, 8, 16]"
850,"[0, 8, 16]"
851,"[0, 8, 16]"
852,"[0, 8, 16]"
853,"[0, 8, 16]"
854,"[0, 8, 16]"
855,"[0, 8, 16]"
856,"[0, 8, 16]"
857,"[0, 8, 16]"
858,"[16, 6, 28]"
859,"[0, 8, 16]"
860,"[0, 8, 16]"
861,"[0, 8, 16]"
862,"[0, 8, 16]"
863,"[0, 8, 16]"
864,"[0, 8, 16]"
865,"[0, 8, 16]"
866,"[0, 8, 16]"
867,"[0, 8, 16]"
868,"[0, 8, 16]"
869,"[0, 8, 16]"
870,"[0, 8, 16]"
871,"[0, 8, 16]"
872,"[0, 8, 16]"
873,"[0, 8, 16]"
874,"[16, 6, 26]"
875,"[0, 8, 16]"
876,"[0, 8, 16]"
877,"[0, 8, 16]"
878,"[0, 8, 16]"
879,"[0, 8, 16]"
880,"[0, 8, 16]"
881,"[16, 6, 28]"
882,"[0, 8, 16]"
883,"[16, 6, 28]"
884,"[0, 8, 16]"
885,"[0, 8, 16]"
886,"[16, 6, 26]"
887,"[0, 8, 16]"
888,"[0, 8, 16]"
889,"[0, 8, 16]"
890,"[0, 8, 16]"
891,"[0, 8, 16]"
892,"[16, 6, 28]"
893,"[0, 8, 16]"
894,"[16, 6, 28]"
895,"[0, 8, 16]"
896,"[0, 8, 16]"
897,"[0, 8, 16]"
898,"[0, 8, 16]"
899,"[16, 6, 28]"
900,"[16, 6, 28]"
901,"[0, 25, 26]"
902,"[0, 8, 16]"
903,"[0, 8, 16]"
904,"[16, 30, 26]"
905,"[0, 8, 16]"
906,"[0, 8, 16]"
907,"[0, 8, 16]"
908,"[0, 8, 16]"
909,"[0, 8, 16]"
910,"[0, 8, 16]"
911,"[0, 8, 16]"
912,"[0, 8, 16]"
913,"[0, 8, 16]"
914,"[0, 8, 16]"
915,"[0, 8, 16]"
916,"[16, 6, 26]"
917,"[16, 6, 14]"
918,"[0, 8, 16]"
919,"[0, 8, 16]"
920,"[0, 8, 16]"
921,"[0, 8, 16]"
922,"[16, 6, 28]"
923,"[0, 8, 16]"
924,"[0, 8, 16]"
925,"[0, 8, 16]"
926,"[16, 30, 26]"
927,"[0, 8, 16]"
928,"[0, 8, 16]"
929,"[16, 6, 28]"
930,"[16, 6, 28]"
931,"[0, 8, 16]"
932,"[0, 8, 16]"
933,"[0, 8, 16]"
934,"[16, 6, 26]"
935,"[0, 8, 16]"
936,"[0, 8, 16]"
937,"[0, 8, 16]"
938,"[0, 8, 16]"
939,"[0, 8, 16]"
940,"[0, 8, 16]"
941,"[0, 8, 16]"
942,"[0, 8, 16]"
943,"[16, 6, 26]"
944,"[0, 8, 16]"
945,"[0, 8, 16]"
946,"[16, 6, 28]"
947,"[0, 8, 16]"
948,"[0, 8, 16]"
949,"[0, 8, 16]"
950,"[0, 8, 16]"
951,"[0, 8, 16]"
952,"[0, 8, 16]"
953,"[0, 8, 16]"
954,"[0, 8, 16]"
955,"[16, 6, 26]"
956,"[16, 6, 26]"
957,"[16, 6, 26]"
958,"[0, 8, 16]"
959,"[0, 8, 16]"
960,"[0, 8, 16]"
961,"[0, 25, 26]"
962,"[0, 8, 16]"
963,"[0, 8, 16]"
964,"[0, 8, 16]"
965,"[0, 8, 16]"
966,"[0, 8, 16]"
967,"[0, 8, 16]"
968,"[0, 8, 16]"
969,"[0, 8, 16]"
970,"[0, 8, 16]"
971,"[16, 6, 26]"
972,"[0, 8, 16]"
973,"[0, 8, 16]"
974,"[0, 8, 16]"
975,"[0, 8, 16]"
976,"[0, 8, 16]"
977,"[0, 8, 16]"
978,"[0, 8, 16]"
979,"[0, 8, 16]"
980,"[0, 8, 16]"
981,"[0, 25, 26]"
982,"[0, 8, 16]"
983,"[0, 8, 16]"
984,"[0, 8, 16]"
985,"[0, 8, 16]"
986,"[0, 8, 16]"
987,"[0, 8, 16]"
988,"[0, 8, 16]"
989,"[0, 8, 16]"
990,"[16, 6, 26]"
991,"[0, 8, 16]"
992,"[16, 6, 26]"
993,"[16, 6, 26]"
994,"[0, 8, 16]"
995,"[0, 8, 16]"
996,"[0, 8, 16]"
997,"[0, 8, 16]"
998,"[0, 8, 16]"
999,"[0, 8, 16]"
1000,"[0, 8, 16]"
1001,"[0, 8, 16]"
1002,"[0, 8, 16]"
1003,"[0, 8, 16]"
1004,"[0, 8, 16]"
1005,"[0, 8, 16]"
1006,"[0, 8, 16]"
1007,"[0, 8, 16]"
1008,"[0, 8, 16]"
1009,"[0, 8, 16]"
1010,"[0, 8, 16]"
1011,"[0, 8, 16]"
1012,"[0, 8, 16]"
1013,"[0, 8, 16]"
1014,"[0, 8, 16]"
1015,"[0, 8, 16]"
1016,"[0, 8, 16]"
1017,"[0, 8, 16]"
1018,"[0, 8, 16]"
1019,"[0, 8, 16]"
1020,"[0, 8, 16]"
1021,"[0, 8, 16]"
1022,"[0, 8, 16]"
1023,"[0, 8, 16]"
1024,"[0, 8, 16]"
1025,"[0, 8, 16]"
1026,"[0, 8, 16]"
1027,"[0, 8, 16]"
1028,"[0, 8, 16]"
1029,"[0, 8, 16]"
1030,"[0, 8, 16]"
1031,"[0, 8, 16]"
1032,"[0, 8, 16]"
1033,"[0, 8, 16]"
1034,"[0, 8, 16]"
1035,"[0, 8, 16]"
1036,"[0, 8, 16]"
1037,"[0, 8, 16]"
1038,"[0, 8, 16]"
1039,"[0, 8, 16]"
1040,"[0, 8, 16]"
1041,"[0, 8, 16]"
1042,"[0, 8, 16]"
1043,"[0, 8, 16]"
1044,"[0, 8, 16]"
1045,"[16, 6, 28]"
1046,"[0, 25, 26]"
1047,"[0, 8, 16]"
1048,"[0, 8, 16]"
1049,"[0, 8, 16]"
1050,"[0, 8, 16]"
1051,"[0, 8, 16]"
1052,"[0, 8, 16]"
1053,"[0, 8, 16]"
1054,"[0, 8, 16]"
1055,"[0, 8, 16]"
1056,"[0, 8, 16]"
1057,"[0, 8, 16]"
1058,"[0, 25, 26]"
1059,"[0, 8, 16]"
1060,"[0, 8, 16]"
1061,"[0, 8, 16]"
1062,"[0, 8, 16]"
1063,"[0, 8, 16]"
1064,"[0, 8, 16]"
1065,"[0, 8, 16]"
1066,"[0, 8, 16]"
1067,"[0, 8, 16]"
1068,"[0, 8, 16]"
1069,"[0, 8, 16]"
1070,"[0, 8, 16]"
1071,"[0, 8, 16]"
1072,"[0, 8, 16]"
1073,"[0, 8, 16]"
1074,"[0, 8, 16]"
1075,"[16, 6, 28]"
1076,"[0, 8, 16]"
1077,"[0, 8, 16]"
1078,"[0, 8, 16]"
1079,"[0, 8, 16]"
1080,"[0, 8, 16]"
1081,"[0, 8, 16]"
1082,"[0, 8, 16]"
1083,"[0, 8, 16]"
1084,"[16, 6, 28]"
1085,"[0, 8, 16]"
1086,"[0, 8, 16]"
1087,"[0, 8, 16]"
1088,"[16, 6, 28]"
1089,"[0, 8, 16]"
1090,"[0, 8, 16]"
1091,"[0, 8, 16]"
1092,"[0, 8, 16]"
1093,"[0, 8, 16]"
1094,"[16, 6, 28]"
1095,"[0, 8, 16]"
1096,"[0, 8, 16]"
1097,"[0, 8, 16]"
1098,"[0, 8, 16]"
1099,"[0, 8, 16]"
1100,"[0, 8, 16]"
1101,"[0, 8, 16]"
1102,"[0, 8, 16]"
1103,"[0, 8, 16]"
1104,"[0, 8, 16]"
1105,"[0, 8, 16]"
1106,"[16, 6, 26]"
1107,"[0, 8, 16]"
1108,"[0, 8, 16]"
1109,"[0, 8, 16]"
1110,"[0, 8, 16]"
1111,"[0, 8, 16]"
1112,"[0, 8, 16]"
1113,"[0, 8, 16]"
1114,"[0, 8, 16]"
1115,"[0, 8, 16]"
1116,"[0, 8, 16]"
1117,"[0, 8, 16]"
1118,"[0, 8, 16]"
1119,"[0, 8, 16]"
1120,"[0, 8, 16]"
1121,"[0, 8, 16]"
1122,"[0, 8, 16]"
1123,"[0, 8, 16]"
1124,"[0, 8, 16]"
1125,"[0, 8, 16]"
1126,"[0, 8, 16]"
1127,"[0, 8, 16]"
1128,"[0, 8, 16]"
1129,"[16, 6, 28]"
1130,"[0, 8, 16]"
1131,"[0, 8, 16]"
1132,"[0, 8, 16]"
1133,"[0, 8, 16]"
1134,"[0, 8, 16]"
1135,"[0, 8, 16]"
1136,"[0, 8, 16]"
1137,"[0, 8, 16]"
1138,"[0, 8, 16]"
1139,"[0, 8, 16]"
1140,"[0, 8, 16]"
1141,"[0, 8, 16]"
1142,"[0, 8, 16]"
1143,"[0, 8, 16]"
1144,"[0, 8, 16]"
1145,"[0, 8, 16]"
1146,"[0, 8, 16]"
1147,"[16, 6, 28]"
1148,"[0, 8, 16]"
1149,"[0, 8, 16]"
1150,"[16, 6, 26]"
1151,"[0, 8, 16]"
1152,"[0, 8, 16]"
1153,"[0, 8, 16]"
1154,"[0, 8, 16]"
1155,"[0, 8, 16]"
1156,"[0, 8, 16]"
1157,"[0, 8, 16]"
1158,"[0, 8, 16]"
1159,"[0, 8, 16]"
1160,"[0, 8, 16]"
1161,"[0, 8, 16]"
1162,"[0, 8, 16]"
1163,"[0, 8, 16]"
1164,"[0, 8, 16]"
1165,"[0, 8, 16]"
1166,"[0, 8, 16]"
1167,"[16, 6, 28]"
1168,"[16, 6, 28]"
1169,"[0, 8, 16]"
1170,"[0, 8, 16]"
1171,"[0, 8, 16]"
1172,"[0, 8, 16]"
1173,"[0, 8, 16]"
1174,"[0, 8, 16]"
1175,"[0, 8, 16]"
1176,"[0, 8, 16]"
1177,"[0, 8, 16]"
1178,"[0, 8, 16]"
1179,"[16, 6, 28]"
1180,"[0, 8, 16]"
1181,"[0, 8, 16]"
1182,"[0, 8, 16]"
1183,"[0, 8, 16]"
1184,"[0, 8, 16]"
1185,"[0, 8, 16]"
1186,"[0, 8, 16]"
1187,"[0, 8, 16]"
1188,"[0, 8, 16]"
1189,"[0, 8, 16]"
1190,"[0, 8, 16]"
1191,"[0, 8, 16]"
1192,"[0, 8, 16]"
1193,"[0, 8, 16]"
1194,"[0, 8, 16]"
1195,"[0, 8, 16]"
1196,"[0, 8, 16]"
1197,"[0, 8, 16]"
1198,"[16, 6, 28]"
1199,"[16, 6, 28]"
1200,"[0, 8, 16]"
1201,"[0, 8, 16]"
1202,"[16, 6, 26]"
1203,"[16, 6, 26]"
1204,"[0, 8, 16]"
1205,"[0, 8, 16]"
1206,"[0, 8, 16]"
1207,"[0, 8, 16]"
1208,"[0, 8, 16]"
1209,"[0, 8, 16]"
1210,"[0, 8, 16]"
1211,"[0, 8, 16]"
1212,"[0, 8, 16]"
1213,"[0, 8, 16]"
1214,"[0, 8, 16]"
1215,"[0, 8, 16]"
1216,"[0, 8, 16]"
1217,"[0, 8, 16]"
1218,"[0, 8, 16]"
1219,"[0, 8, 16]"
1220,"[0, 8, 16]"
1221,"[0, 8, 16]"
1222,"[0, 8, 16]"
1223,"[0, 8, 16]"
1224,"[0, 8, 16]"
1225,"[0, 8, 16]"
1226,"[0, 8, 16]"
1227,"[0, 8, 16]"
1228,"[0, 8, 16]"
1229,"[0, 8, 16]"
1230,"[0, 8, 16]"
1231,"[0, 8, 16]"
1232,"[16, 6, 28]"
1233,"[0, 8, 16]"
1234,"[0, 8, 16]"
1235,"[0, 8, 16]"
1236,"[0, 8, 16]"
1237,"[0, 8, 16]"
1238,"[0, 8, 16]"
1239,"[0, 8, 16]"
1240,"[0, 8, 16]"
1241,"[0, 8, 16]"
1242,"[0, 8, 16]"
1243,"[0, 8, 16]"
1244,"[0, 8, 16]"
1245,"[16, 6, 28]"
1246,"[0, 8, 16]"
1247,"[16, 6, 28]"
1248,"[16, 6, 28]"
1249,"[0, 8, 16]"
1250,"[0, 8, 16]"
1251,"[0, 8, 16]"
1252,"[0, 8, 16]"
1253,"[0, 8, 16]"
1254,"[0, 8, 16]"
1255,"[16, 6, 28]"
1256,"[0, 8, 16]"
1257,"[0, 8, 16]"
1258,"[0, 8, 16]"
1259,"[16, 6, 28]"
1260,"[0, 8, 16]"
1261,"[0, 8, 16]"
1262,"[16, 6, 28]"
1263,"[0, 8, 16]"
1264,"[16, 6, 28]"
1265,"[0, 8, 16]"
1266,"[0, 8, 16]"
1267,"[0, 8, 16]"
1268,"[16, 6, 28]"
1269,"[0, 8, 16]"
1270,"[0, 8, 16]"
1271,"[0, 8, 16]"
1272,"[0, 8, 16]"
1273,"[0, 8, 16]"
1274,"[0, 8, 16]"
1275,"[0, 8, 16]"
1276,"[16, 6, 28]"
1277,"[0, 8, 16]"
1278,"[0, 8, 16]"
1279,"[0, 8, 16]"
1280,"[0, 8, 16]"
1281,"[0, 8, 16]"
1282,"[16, 6, 28]"
1283,"[0, 8, 16]"
1284,"[16, 6, 28]"
1285,"[16, 6, 28]"
1286,"[0, 8, 16]"
1287,"[0, 8, 16]"
1288,"[0, 8, 16]"
1289,"[0, 8, 16]"
1290,"[0, 8, 16]"
1291,"[0, 8, 16]"
1292,"[0, 8, 16]"
1293,"[16, 6, 28]"
1294,"[0, 8, 16]"
1295,"[0, 8, 16]"
1296,"[0, 8, 16]"
1297,"[0, 8, 16]"
1298,"[0, 8, 16]"
1299,"[0, 8, 16]"
1300,"[0, 8, 16]"
1301,"[0, 8, 16]"
1302,"[0, 8, 16]"
1303,"[0, 8, 16]"
1304,"[16, 6, 28]"
1305,"[0, 8, 16]"
1306,"[0, 8, 16]"
1307,"[0, 8, 16]"
1308,"[16, 6, 28]"
1309,"[16, 6, 28]"
1310,"[0, 8, 16]"
1311,"[0, 8, 16]"
1312,"[0, 8, 16]"
1313,"[0, 8, 16]"
1314,"[0, 8, 16]"
1315,"[0, 8, 16]"
1316,"[0, 8, 16]"
1317,"[0, 8, 16]"
1318,"[0, 8, 16]"
1319,"[0, 8, 16]"
1320,"[0, 8, 16]"
1321,"[16, 6, 28]"
1322,"[0, 8, 16]"
1323,"[0, 8, 16]"
1324,"[0, 8, 16]"
1325,"[0, 8, 16]"
1326,"[16, 30, 26]"
1327,"[0, 8, 16]"
1328,"[0, 8, 16]"
1329,"[0, 8, 16]"
1330,"[0, 8, 16]"
1331,"[0, 8, 16]"
1332,"[0, 8, 16]"
1333,"[0, 8, 16]"
1334,"[0, 8, 16]"
1335,"[0, 8, 16]"
1336,"[0, 8, 16]"
1337,"[0, 8, 16]"
1338,"[0, 8, 16]"
1339,"[0, 8, 16]"
1340,"[0, 8, 16]"
1341,"[0, 8, 16]"
1342,"[0, 8, 16]"
1343,"[16, 6, 28]"
1344,"[0, 25, 26]"
1345,"[0, 8, 16]"
1346,"[0, 8, 16]"
1347,"[0, 8, 16]"
1348,"[0, 8, 16]"
1349,"[0, 8, 16]"
1350,"[0, 8, 16]"
1351,"[0, 8, 16]"
1352,"[0, 8, 16]"
1353,"[0, 8, 16]"
1354,"[0, 8, 16]"
1355,"[0, 8, 16]"
1356,"[0, 8, 16]"
1357,"[0, 8, 16]"
1358,"[0, 8, 16]"
1359,"[0, 8, 16]"
1360,"[0, 8, 16]"
1361,"[0, 8, 16]"
1362,"[0, 8, 16]"
1363,"[0, 8, 16]"
1364,"[0, 8, 16]"
1365,"[0, 8, 16]"
1366,"[0, 8, 16]"
1367,"[0, 8, 16]"
1368,"[0, 8, 16]"
1369,"[0, 8, 16]"
1370,"[0, 8, 16]"
1371,"[0, 8, 16]"
1372,"[0, 8, 16]"
1373,"[0, 8, 16]"
1374,"[0, 8, 16]"
1375,"[16, 6, 28]"
1376,"[0, 8, 16]"
1377,"[0, 8, 16]"
1378,"[0, 8, 16]"
1379,"[16, 6, 28]"
1380,"[0, 8, 16]"
1381,"[0, 8, 16]"
1382,"[0, 8, 16]"
1383,"[0, 8, 16]"
1384,"[0, 8, 16]"
1385,"[16, 6, 26]"
1386,"[0, 8, 16]"
1387,"[0, 8, 16]"
1388,"[0, 8, 16]"
1389,"[16, 30, 26]"
1390,"[0, 8, 16]"
1391,"[16, 6, 28]"
1392,"[16, 6, 26]"
1393,"[16, 6, 28]"
1394,"[0, 8, 16]"
1395,"[0, 8, 16]"
1396,"[0, 8, 16]"
1397,"[0, 8, 16]"
1398,"[0, 8, 16]"
1399,"[0, 8, 16]"
1400,"[0, 8, 16]"
1401,"[16, 6, 28]"
1402,"[0, 8, 16]"
1403,"[0, 8, 16]"
1404,"[16, 6, 28]"
1405,"[0, 8, 16]"
1406,"[0, 8, 16]"
1407,"[0, 8, 16]"
1408,"[0, 8, 16]"
1409,"[16, 6, 28]"
1410,"[0, 8, 16]"
1411,"[0, 8, 16]"
1412,"[0, 8, 16]"
1413,"[0, 8, 16]"
1414,"[0, 8, 16]"
1415,"[16, 6, 28]"
1416,"[0, 8, 16]"
1417,"[0, 8, 16]"
1418,"[16, 6, 28]"
1419,"[16, 6, 28]"
1420,"[16, 6, 28]"
1421,"[0, 8, 16]"
1422,"[0, 8, 16]"
1423,"[0, 8, 16]"
1424,"[0, 8, 16]"
1425,"[0, 8, 16]"
1426,"[0, 8, 16]"
1427,"[0, 8, 16]"
1428,"[0, 8, 16]"
1429,"[0, 8, 16]"
1430,"[0, 8, 16]"
1431,"[0, 8, 16]"
1432,"[0, 8, 16]"
1433,"[16, 30, 26]"
1434,"[0, 8, 16]"
1435,"[0, 8, 16]"
1436,"[0, 8, 16]"
1437,"[0, 8, 16]"
1438,"[0, 8, 16]"
1439,"[0, 8, 16]"
1440,"[0, 8, 16]"
1441,"[0, 8, 16]"
1442,"[0, 8, 16]"
1443,"[0, 8, 16]"
1444,"[16, 6, 28]"
1445,"[16, 6, 28]"
1446,"[0, 8, 16]"
1447,"[0, 8, 16]"
1448,"[0, 8, 16]"
1449,"[0, 8, 16]"
1450,"[0, 8, 16]"
1451,"[0, 8, 16]"
1452,"[0, 8, 16]"
1453,"[0, 8, 16]"
1454,"[16, 6, 28]"
1455,"[0, 8, 16]"
1456,"[16, 6, 28]"
1457,"[0, 8, 16]"
1458,"[0, 8, 16]"
1459,"[16, 6, 26]"
1460,"[0, 8, 16]"
1461,"[0, 8, 16]"
1462,"[0, 8, 16]"
1463,"[0, 8, 16]"
1464,"[16, 6, 28]"
1465,"[16, 6, 28]"
1466,"[0, 8, 16]"
1467,"[0, 8, 16]"
1468,"[0, 8, 16]"
1469,"[16, 6, 28]"
1470,"[0, 8, 16]"
1471,"[0, 8, 16]"
1472,"[0, 8, 16]"
1473,"[0, 8, 16]"
1474,"[0, 8, 16]"
1475,"[16, 6, 28]"
1476,"[0, 8, 16]"
1477,"[16, 6, 28]"
1478,"[0, 8, 16]"
1479,"[0, 8, 16]"
1480,"[0, 8, 16]"
1481,"[0, 8, 16]"
1482,"[16, 6, 26]"
1483,"[0, 8, 16]"
1484,"[0, 8, 16]"
1485,"[0, 8, 16]"
1486,"[0, 8, 16]"
1487,"[0, 8, 16]"
1488,"[0, 8, 16]"
1489,"[0, 8, 16]"
1490,"[0, 8, 16]"
1491,"[0, 8, 16]"
1492,"[0, 8, 16]"
1493,"[16, 6, 26]"
1494,"[0, 8, 16]"
1495,"[0, 8, 16]"
1496,"[16, 6, 28]"
1497,"[0, 8, 16]"
1498,"[0, 8, 16]"
1499,"[0, 8, 16]"
1500,"[0, 8, 16]"
1501,"[0, 8, 16]"
1502,"[0, 8, 16]"
1503,"[0, 8, 16]"
1504,"[0, 8, 16]"
1505,"[0, 8, 16]"
1506,"[0, 8, 16]"
1507,"[0, 8, 16]"
1508,"[0, 8, 16]"
1509,"[0, 8, 16]"
1510,"[0, 8, 16]"
1511,"[0, 8, 16]"
1512,"[0, 8, 16]"
1513,"[0, 8, 16]"
1514,"[16, 6, 28]"
1515,"[0, 8, 16]"
1516,"[0, 8, 16]"
1517,"[0, 8, 16]"
1518,"[16, 6, 28]"
1519,"[0, 8, 16]"
1520,"[0, 8, 16]"
1521,"[0, 8, 16]"
1522,"[0, 8, 16]"
1523,"[0, 8, 16]"
1524,"[0, 8, 16]"
1525,"[0, 8, 16]"
1526,"[0, 8, 16]"
1527,"[16, 30, 26]"
1528,"[0, 8, 16]"
1529,"[16, 6, 28]"
1530,"[0, 8, 16]"
1531,"[0, 8, 16]"
1532,"[0, 8, 16]"
1533,"[16, 6, 26]"
1534,"[0, 8, 16]"
1535,"[0, 8, 16]"
1536,"[0, 8, 16]"
1537,"[0, 8, 16]"
1538,"[0, 8, 16]"
1539,"[0, 8, 16]"
1540,"[0, 8, 16]"
1541,"[16, 6, 26]"
1542,"[0, 8, 16]"
1543,"[0, 8, 16]"
1544,"[0, 8, 16]"
1545,"[0, 8, 16]"
1546,"[0, 8, 16]"
1547,"[0, 8, 16]"
1548,"[0, 8, 16]"
1549,"[0, 8, 16]"
1550,"[0, 8, 16]"
1551,"[0, 8, 16]"
1552,"[0, 8, 16]"
1553,"[0, 8, 16]"
1554,"[0, 8, 16]"
1555,"[0, 8, 16]"
1556,"[0, 8, 16]"
1557,"[0, 8, 16]"
1558,"[0, 8, 16]"
1559,"[0, 8, 16]"
1560,"[0, 8, 16]"
1561,"[0, 8, 16]"
1562,"[0, 8, 16]"
1563,"[0, 8, 16]"
1564,"[0, 8, 16]"
1565,"[0, 8, 16]"
1566,"[0, 8, 16]"
1567,"[0, 8, 16]"
1568,"[0, 8, 16]"
1569,"[16, 6, 28]"
1570,"[0, 8, 16]"
1571,"[0, 8, 16]"
1572,"[0, 8, 16]"
1573,"[16, 6, 26]"
1574,"[16, 6, 28]"
1575,"[0, 8, 16]"
1576,"[0, 8, 16]"
1577,"[0, 8, 16]"
1578,"[0, 8, 16]"
1579,"[0, 8, 16]"
1580,"[0, 8, 16]"
1581,"[0, 8, 16]"
1582,"[16, 6, 28]"
1583,"[0, 8, 16]"
1584,"[0, 8, 16]"
1585,"[0, 8, 16]"
1586,"[0, 8, 16]"
1587,"[0, 8, 16]"
1588,"[0, 8, 16]"
1589,"[0, 13, 16]"
1590,"[0, 8, 16]"
1591,"[0, 8, 16]"
1592,"[0, 8, 16]"
1593,"[0, 8, 16]"
1594,"[0, 8, 16]"
1595,"[16, 6, 26]"
1596,"[0, 8, 16]"
1597,"[0, 8, 16]"
1598,"[0, 8, 16]"
1599,"[0, 8, 16]"
1600,"[0, 8, 16]"
1601,"[16, 6, 26]"
1602,"[0, 8, 16]"
1603,"[0, 8, 16]"
1604,"[0, 8, 16]"
1605,"[0, 8, 16]"
1606,"[0, 8, 16]"
1607,"[0, 8, 16]"
1608,"[0, 8, 16]"
1609,"[0, 8, 16]"
1610,"[0, 8, 16]"
1611,"[0, 8, 16]"
1612,"[0, 8, 16]"
1613,"[0, 8, 16]"
1614,"[0, 8, 16]"
1615,"[16, 6, 28]"
1616,"[16, 6, 14]"
1617,"[0, 8, 16]"
1618,"[0, 8, 16]"
1619,"[0, 8, 16]"
1620,"[16, 6, 26]"
1621,"[0, 8, 16]"
1622,"[0, 8, 16]"
1623,"[0, 8, 16]"
1624,"[0, 8, 16]"
1625,"[0, 8, 16]"
1626,"[0, 8, 16]"
1627,"[0, 8, 16]"
1628,"[16, 6, 28]"
1629,"[0, 8, 16]"
1630,"[0, 8, 16]"
1631,"[0, 8, 16]"
1632,"[0, 8, 16]"
1633,"[0, 8, 16]"
1634,"[0, 8, 16]"
1635,"[0, 8, 16]"
1636,"[16, 30, 26]"
1637,"[0, 8, 16]"
1638,"[0, 8, 16]"
1639,"[0, 8, 16]"
1640,"[0, 8, 16]"
1641,"[0, 8, 16]"
1642,"[0, 8, 16]"
1643,"[0, 8, 16]"
1644,"[0, 8, 16]"
1645,"[0, 8, 16]"
1646,"[0, 8, 16]"
1647,"[0, 8, 16]"
1648,"[0, 8, 16]"
1649,"[0, 8, 16]"
1650,"[0, 8, 16]"
1651,"[0, 8, 16]"
1652,"[0, 8, 16]"
1653,"[0, 8, 16]"
1654,"[0, 8, 16]"
1655,"[0, 8, 16]"
1656,"[0, 8, 16]"
1657,"[0, 8, 16]"
1658,"[0, 8, 16]"
1659,"[0, 8, 16]"
1660,"[0, 8, 16]"
1661,"[0, 8, 16]"
1662,"[0, 8, 16]"
1663,"[0, 8, 16]"
1664,"[0, 8, 16]"
1665,"[0, 8, 16]"
1666,"[0, 8, 16]"
1667,"[0, 8, 16]"
1668,"[0, 8, 16]"
1669,"[0, 8, 16]"
1670,"[0, 8, 16]"
1671,"[0, 8, 16]"
1672,"[0, 8, 16]"
1673,"[0, 8, 16]"
1674,"[16, 30, 26]"
1675,"[0, 8, 16]"
1676,"[0, 8, 16]"
1677,"[0, 25, 26]"
1678,"[0, 8, 16]"
1679,"[0, 8, 16]"
1680,"[0, 8, 16]"
1681,"[0, 8, 16]"
1682,"[0, 8, 16]"
1683,"[0, 8, 16]"
1684,"[16, 30, 26]"
1685,"[0, 13, 14]"
1686,"[16, 30, 26]"
1687,"[0, 8, 16]"
1688,"[0, 8, 16]"
1689,"[16, 6, 28]"
1690,"[16, 6, 28]"
1691,"[0, 8, 16]"
1692,"[0, 8, 16]"
1693,"[0, 8, 16]"
1694,"[16, 6, 28]"
1695,"[0, 8, 16]"
1696,"[0, 8, 16]"
1697,"[0, 8, 16]"
1698,"[0, 8, 16]"
1699,"[0, 8, 16]"
1700,"[0, 8, 16]"
1701,"[0, 8, 16]"
1702,"[0, 8, 16]"
1703,"[0, 8, 16]"
1704,"[0, 8, 16]"
1705,"[0, 8, 16]"
1706,"[0, 8, 16]"
1707,"[0, 8, 16]"
1708,"[0, 8, 16]"
1709,"[0, 8, 16]"
1710,"[16, 30, 26]"
1711,"[0, 8, 16]"
1712,"[0, 8, 16]"
1713,"[0, 8, 16]"
1714,"[0, 8, 16]"
1715,"[0, 8, 16]"
1716,"[0, 8, 16]"
1717,"[0, 8, 16]"
1718,"[0, 8, 16]"
1719,"[0, 8, 16]"
1720,"[0, 8, 16]"
1721,"[16, 6, 28]"
1722,"[0, 8, 16]"
1723,"[0, 8, 16]"
1724,"[0, 8, 16]"
1725,"[0, 8, 16]"
1726,"[0, 8, 16]"
1727,"[0, 8, 16]"
1728,"[16, 6, 26]"
1729,"[16, 6, 28]"
1730,"[16, 6, 28]"
1731,"[0, 8, 16]"
1732,"[0, 8, 16]"
1733,"[0, 8, 16]"
1734,"[0, 8, 16]"
1735,"[0, 8, 16]"
1736,"[0, 8, 16]"
1737,"[0, 8, 16]"
1738,"[0, 8, 16]"
1739,"[0, 8, 16]"
1740,"[0, 8, 16]"
1741,"[0, 8, 16]"
1742,"[0, 8, 16]"
1743,"[0, 8, 16]"
1744,"[0, 8, 16]"
1745,"[0, 8, 16]"
1746,"[0, 8, 16]"
1747,"[16, 6, 28]"
1748,"[16, 6, 28]"
1749,"[0, 8, 16]"
1750,"[16, 6, 28]"
1751,"[16, 6, 28]"
1752,"[0, 8, 16]"
1753,"[16, 6, 28]"
1754,"[16, 6, 28]"
1755,"[0, 8, 16]"
1756,"[0, 8, 16]"
1757,"[0, 8, 16]"
1758,"[0, 8, 16]"
1759,"[0, 8, 16]"
1760,"[16, 6, 28]"
1761,"[0, 8, 16]"
1762,"[0, 8, 16]"
1763,"[0, 8, 16]"
1764,"[0, 13, 14]"
1765,"[0, 8, 16]"
1766,"[0, 8, 16]"
1767,"[16, 6, 28]"
1768,"[0, 8, 16]"
1769,"[0, 8, 16]"
1770,"[0, 8, 16]"
1771,"[0, 8, 16]"
1772,"[16, 6, 26]"
1773,"[0, 8, 16]"
1774,"[0, 8, 16]"
1775,"[0, 8, 16]"
1776,"[0, 8, 16]"
1777,"[0, 8, 16]"
1778,"[0, 8, 16]"
1779,"[0, 8, 16]"
1780,"[0, 8, 16]"
1781,"[0, 8, 16]"
1782,"[0, 8, 16]"
1783,"[0, 8, 16]"
1784,"[0, 8, 16]"
1785,"[0, 8, 16]"
1786,"[0, 8, 16]"
1787,"[0, 8, 16]"
1788,"[0, 8, 16]"
1789,"[0, 8, 16]"
1790,"[0, 8, 16]"
1791,"[0, 8, 16]"
1792,"[16, 6, 28]"
1793,"[0, 8, 16]"
1794,"[0, 8, 16]"
1795,"[16, 6, 26]"
1796,"[16, 6, 28]"
1797,"[0, 8, 16]"
1798,"[0, 8, 16]"
1799,"[0, 8, 16]"
1800,"[0, 8, 16]"
1801,"[0, 8, 16]"
1802,"[0, 8, 16]"
1803,"[0, 8, 16]"
1804,"[0, 8, 16]"
1805,"[0, 8, 16]"
1806,"[16, 30, 26]"
1807,"[0, 8, 16]"
1808,"[0, 8, 16]"
1809,"[16, 6, 28]"
1810,"[0, 8, 16]"
1811,"[0, 8, 16]"
1812,"[16, 6, 28]"
1813,"[0, 8, 16]"
1814,"[0, 8, 16]"
1815,"[0, 8, 16]"
1816,"[0, 8, 16]"
1817,"[0, 8, 16]"
1818,"[0, 8, 16]"
1819,"[0, 8, 16]"
1820,"[16, 6, 28]"
1821,"[0, 8, 16]"
1822,"[0, 8, 16]"
1823,"[16, 6, 28]"
1824,"[0, 8, 16]"
1825,"[0, 8, 16]"
1826,"[0, 8, 16]"
1827,"[16, 30, 26]"
1828,"[16, 30, 26]"
1829,"[0, 8, 16]"
1830,"[0, 8, 16]"
1831,"[0, 8, 16]"
1832,"[16, 6, 28]"
1833,"[0, 8, 16]"
1834,"[16, 6, 28]"
1835,"[0, 8, 16]"
1836,"[0, 8, 16]"
1837,"[0, 8, 16]"
1838,"[16, 6, 28]"
1839,"[16, 6, 28]"
1840,"[16, 6, 28]"
1841,"[0, 8, 16]"
1842,"[0, 8, 16]"
1843,"[0, 8, 16]"
1844,"[0, 8, 16]"
1845,"[0, 8, 16]"
1846,"[0, 8, 16]"
1847,"[0, 8, 16]"
1848,"[0, 8, 16]"
1849,"[0, 8, 16]"
1850,"[0, 8, 16]"
1851,"[0, 8, 16]"
1852,"[0, 8, 16]"
1853,"[0, 8, 16]"
1854,"[0, 8, 16]"
1855,"[0, 8, 16]"
1856,"[0, 8, 16]"
1857,"[0, 8, 16]"
1858,"[16, 6, 28]"
1859,"[0, 8, 16]"
1860,"[0, 8, 16]"
1861,"[0, 8, 16]"
1862,"[0, 8, 16]"
1863,"[0, 8, 16]"
1864,"[0, 8, 16]"
1865,"[0, 8, 16]"
1866,"[0, 8, 16]"
1867,"[0, 8, 16]"
1868,"[0, 8, 16]"
1869,"[0, 8, 16]"
1870,"[0, 8, 16]"
1871,"[0, 8, 16]"
1872,"[0, 8, 16]"
1873,"[0, 8, 16]"
1874,"[0, 8, 16]"
1875,"[0, 8, 16]"
1876,"[0, 8, 16]"
1877,"[0, 8, 16]"
1878,"[0, 8, 16]"
1879,"[0, 8, 16]"
1880,"[0, 8, 16]"
1881,"[0, 8, 16]"
1882,"[0, 8, 16]"
1883,"[0, 8, 16]"
1884,"[0, 8, 16]"
1885,"[0, 8, 16]"
1886,"[0, 8, 16]"
1887,"[0, 8, 16]"
1888,"[0, 8, 16]"
1889,"[0, 8, 16]"
1890,"[0, 8, 16]"
1891,"[0, 8, 16]"
1892,"[0, 8, 16]"
1893,"[0, 8, 16]"
1894,"[0, 8, 16]"
1895,"[0, 8, 16]"
1896,"[0, 8, 16]"
1897,"[0, 8, 16]"
1898,"[0, 8, 16]"
1899,"[0, 8, 16]"
1900,"[16, 6, 28]"
1901,"[0, 8, 16]"
1902,"[0, 8, 16]"
1903,"[0, 8, 16]"
1904,"[0, 8, 16]"
1905,"[0, 8, 16]"
1906,"[0, 8, 16]"
1907,"[0, 8, 16]"
1908,"[0, 8, 16]"
1909,"[0, 8, 16]"
1910,"[0, 8, 16]"
1911,"[0, 8, 16]"
1912,"[0, 8, 16]"
1913,"[0, 8, 16]"
1914,"[0, 8, 16]"
1915,"[0, 8, 16]"
1916,"[0, 8, 16]"
1917,"[0, 8, 16]"
1918,"[0, 8, 16]"
1919,"[0, 8, 16]"
1920,"[0, 8, 16]"
1921,"[0, 8, 16]"
1922,"[0, 8, 16]"
1923,"[0, 8, 16]"
1924,"[0, 8, 16]"
1925,"[0, 8, 16]"
1926,"[0, 8, 16]"
1927,"[0, 8, 16]"
1928,"[0, 8, 16]"
1929,"[0, 8, 16]"
1930,"[0, 8, 16]"
1931,"[0, 8, 16]"
1932,"[0, 8, 16]"
1933,"[16, 6, 28]"
1934,"[16, 6, 28]"
1935,"[0, 8, 16]"
1936,"[0, 8, 16]"
1937,"[0, 8, 16]"
1938,"[0, 8, 16]"
1939,"[16, 6, 28]"
1940,"[0, 8, 16]"
1941,"[0, 8, 16]"
1942,"[0, 8, 16]"
1943,"[0, 8, 16]"
1944,"[16, 6, 28]"
1945,"[0, 8, 16]"
1946,"[0, 8, 16]"
1947,"[0, 8, 16]"
1948,"[0, 8, 16]"
1949,"[0, 8, 16]"
1950,"[0, 8, 16]"
1951,"[0, 8, 16]"
1952,"[0, 8, 16]"
1953,"[0, 8, 16]"
1954,"[0, 8, 16]"
1955,"[16, 6, 28]"
1956,"[0, 8, 16]"
1957,"[0, 8, 16]"
1958,"[0, 8, 16]"
1959,"[0, 8, 16]"
1960,"[0, 8, 16]"
1961,"[16, 6, 26]"
1962,"[0, 8, 16]"
1963,"[0, 8, 16]"
1964,"[0, 8, 16]"
1965,"[0, 8, 16]"
1966,"[0, 8, 16]"
1967,"[0, 8, 16]"
1968,"[16, 6, 26]"
1969,"[0, 8, 16]"
1970,"[0, 8, 16]"
1971,"[0, 8, 16]"
1972,"[0, 8, 16]"
1973,"[0, 8, 16]"
1974,"[0, 8, 16]"
1975,"[0, 8, 16]"
1976,"[0, 8, 16]"
1977,"[0, 8, 16]"
1978,"[16, 6, 28]"
1979,"[0, 8, 16]"
1980,"[0, 8, 16]"
1981,"[0, 8, 16]"
1982,"[0, 8, 16]"
1983,"[0, 8, 16]"
1984,"[0, 8, 16]"
1985,"[0, 8, 16]"
1986,"[0, 8, 16]"
1987,"[0, 8, 16]"
1988,"[0, 8, 16]"
1989,"[0, 8, 16]"
1990,"[0, 8, 16]"
1991,"[0, 8, 16]"
1992,"[0, 8, 16]"
1993,"[0, 8, 16]"
1994,"[0, 8, 16]"
1995,"[0, 8, 16]"
1996,"[0, 8, 16]"
1997,"[0, 8, 16]"
1998,"[0, 8, 16]"
1999,"[0, 8, 16]"
2000,"[0, 8, 16]"
2001,"[0, 8, 16]"
2002,"[0, 8, 16]"
2003,"[0, 8, 16]"
2004,"[0, 8, 16]"
2005,"[0, 8, 16]"
2006,"[0, 8, 16]"
2007,"[0, 8, 16]"
2008,"[0, 8, 16]"
2009,"[0, 8, 16]"
2010,"[0, 8, 16]"
2011,"[0, 8, 16]"
2012,"[0, 8, 16]"
2013,"[0, 8, 16]"
2014,"[0, 8, 16]"
2015,"[0, 8, 16]"
2016,"[0, 8, 16]"
2017,"[0, 8, 16]"
2018,"[0, 8, 16]"
2019,"[0, 8, 16]"
2020,"[0, 8, 16]"
2021,"[0, 8, 16]"
2022,"[0, 8, 16]"
2023,"[0, 8, 16]"
2024,"[16, 6, 28]"
2025,"[0, 8, 16]"
2026,"[0, 8, 16]"
2027,"[0, 8, 16]"
2028,"[0, 8, 16]"
2029,"[0, 8, 16]"
2030,"[0, 8, 16]"
2031,"[0, 8, 16]"
2032,"[0, 8, 16]"
2033,"[0, 8, 16]"
2034,"[0, 8, 16]"
2035,"[16, 30, 26]"
2036,"[0, 8, 16]"
2037,"[0, 8, 16]"
2038,"[0, 8, 16]"
2039,"[0, 8, 16]"
2040,"[0, 8, 16]"
2041,"[0, 8, 16]"
2042,"[0, 8, 16]"
2043,"[0, 8, 16]"
2044,"[0, 8, 16]"
2045,"[0, 8, 16]"
2046,"[0, 8, 16]"
2047,"[0, 8, 16]"
2048,"[0, 8, 16]"
2049,"[0, 8, 16]"
2050,"[0, 8, 16]"
2051,"[16, 6, 28]"
2052,"[0, 8, 16]"
2053,"[0, 8, 16]"
2054,"[0, 8, 16]"
2055,"[0, 8, 16]"
2056,"[0, 8, 16]"
2057,"[0, 8, 16]"
2058,"[0, 8, 16]"
2059,"[0, 8, 16]"
2060,"[0, 8, 16]"
2061,"[0, 8, 16]"
2062,"[0, 8, 16]"
2063,"[0, 8, 16]"
2064,"[0, 8, 16]"
2065,"[0, 8, 16]"
2066,"[0, 8, 16]"
2067,"[0, 8, 16]"
2068,"[0, 8, 16]"
2069,"[0, 8, 16]"
2070,"[0, 8, 16]"
2071,"[0, 8, 16]"
2072,"[0, 8, 16]"
2073,"[0, 8, 16]"
2074,"[0, 8, 16]"
2075,"[0, 8, 16]"
2076,"[0, 8, 16]"
2077,"[0, 8, 16]"
2078,"[16, 6, 28]"
2079,"[0, 8, 16]"
2080,"[0, 8, 16]"
2081,"[0, 8, 16]"
2082,"[0, 8, 16]"
2083,"[0, 8, 16]"
2084,"[0, 8, 16]"
2085,"[0, 8, 16]"
2086,"[0, 8, 16]"
2087,"[0, 8, 16]"
2088,"[16, 6, 28]"
2089,"[0, 8, 16]"
2090,"[0, 8, 16]"
2091,"[0, 8, 16]"
2092,"[0, 8, 16]"
2093,"[0, 8, 16]"
2094,"[0, 8, 16]"
2095,"[0, 8, 16]"
2096,"[0, 8, 16]"
2097,"[0, 8, 16]"
2098,"[0, 8, 16]"
2099,"[0, 8, 16]"
2100,"[0, 8, 16]"
2101,"[0, 8, 16]"
2102,"[0, 8, 16]"
2103,"[16, 6, 28]"
2104,"[0, 8, 16]"
2105,"[0, 8, 16]"
2106,"[0, 8, 16]"
2107,"[0, 8, 16]"
2108,"[0, 8, 16]"
2109,"[0, 8, 16]"
2110,"[0, 8, 16]"
2111,"[0, 8, 16]"
2112,"[0, 8, 16]"
2113,"[0, 8, 16]"
2114,"[0, 8, 16]"
2115,"[16, 6, 28]"
2116,"[0, 8, 16]"
2117,"[0, 8, 16]"
2118,"[0, 8, 16]"
2119,"[0, 8, 16]"
2120,"[0, 8, 16]"
2121,"[0, 8, 16]"
2122,"[0, 8, 16]"
2123,"[0, 8, 16]"
2124,"[0, 8, 16]"
2125,"[0, 8, 16]"
2126,"[16, 6, 26]"
2127,"[0, 8, 16]"
2128,"[0, 8, 16]"
2129,"[16, 6, 28]"
2130,"[0, 8, 16]"
2131,"[0, 8, 16]"
2132,"[0, 8, 16]"
2133,"[0, 8, 16]"
2134,"[0, 8, 16]"
2135,"[0, 8, 16]"
2136,"[0, 8, 16]"
2137,"[0, 8, 16]"
2138,"[0, 8, 16]"
2139,"[0, 8, 16]"
2140,"[0, 8, 16]"
2141,"[0, 8, 16]"
2142,"[0, 8, 16]"
2143,"[0, 8, 16]"
2144,"[0, 8, 16]"
2145,"[0, 8, 16]"
2146,"[0, 8, 16]"
2147,"[0, 8, 16]"
2148,"[0, 8, 16]"
2149,"[0, 8, 16]"
2150,"[0, 8, 16]"
2151,"[0, 8, 16]"
2152,"[0, 8, 16]"
2153,"[0, 8, 16]"
2154,"[0, 8, 16]"
2155,"[0, 8, 16]"
2156,"[0, 8, 16]"
2157,"[16, 6, 28]"
2158,"[0, 8, 16]"
2159,"[0, 8, 16]"
2160,"[0, 8, 16]"
2161,"[0, 8, 16]"
2162,"[0, 8, 16]"
2163,"[0, 8, 16]"
2164,"[0, 8, 16]"
2165,"[0, 8, 16]"
2166,"[0, 8, 16]"
2167,"[0, 8, 16]"
2168,"[16, 6, 26]"
2169,"[0, 8, 16]"
2170,"[0, 8, 16]"
2171,"[0, 8, 16]"
2172,"[0, 8, 16]"
2173,"[0, 8, 16]"
2174,"[0, 8, 16]"
2175,"[0, 8, 16]"
2176,"[0, 8, 16]"
2177,"[0, 8, 16]"
2178,"[0, 8, 16]"
2179,"[0, 8, 16]"
2180,"[0, 8, 16]"
2181,"[0, 8, 16]"
2182,"[0, 8, 16]"
2183,"[0, 8, 16]"
2184,"[0, 8, 16]"
2185,"[0, 8, 16]"
2186,"[0, 8, 16]"
2187,"[0, 8, 16]"
2188,"[0, 8, 16]"
2189,"[0, 8, 16]"
2190,"[16, 6, 26]"
2191,"[0, 8, 16]"
2192,"[0, 8, 16]"
2193,"[0, 8, 16]"
2194,"[16, 6, 28]"
2195,"[16, 6, 28]"
2196,"[0, 8, 16]"
2197,"[0, 8, 16]"
2198,"[0, 8, 16]"
2199,"[0, 8, 16]"
2200,"[0, 8, 16]"
2201,"[0, 8, 16]"
2202,"[0, 8, 16]"
2203,"[0, 8, 16]"
2204,"[0, 8, 16]"
2205,"[0, 8, 16]"
2206,"[0, 8, 16]"
2207,"[16, 6, 28]"
2208,"[0, 8, 16]"
2209,"[0, 8, 16]"
2210,"[0, 8, 16]"
2211,"[0, 8, 16]"
2212,"[0, 8, 16]"
2213,"[16, 6, 28]"
2214,"[0, 8, 16]"
2215,"[0, 8, 16]"
2216,"[0, 8, 16]"
2217,"[0, 8, 16]"
2218,"[0, 8, 16]"
2219,"[0, 8, 16]"
2220,"[0, 8, 16]"
2221,"[0, 8, 16]"
2222,"[0, 8, 16]"
2223,"[0, 8, 16]"
2224,"[0, 8, 16]"
2225,"[0, 8, 16]"
2226,"[0, 8, 16]"
2227,"[0, 8, 16]"
2228,"[0, 8, 16]"
2229,"[0, 8, 16]"
2230,"[0, 8, 16]"
2231,"[0, 8, 16]"
2232,"[0, 8, 16]"
2233,"[0, 8, 16]"
2234,"[16, 6, 28]"
2235,"[16, 6, 28]"
2236,"[16, 6, 28]"
2237,"[0, 8, 16]"
2238,"[0, 8, 16]"
2239,"[0, 8, 16]"
2240,"[16, 6, 26]"
2241,"[16, 6, 26]"
2242,"[0, 8, 16]"
2243,"[0, 8, 16]"
2244,"[0, 8, 16]"
2245,"[0, 8, 16]"
2246,"[16, 6, 28]"
2247,"[0, 8, 16]"
2248,"[0, 8, 16]"
2249,"[0, 8, 16]"
2250,"[0, 8, 16]"
2251,"[0, 8, 16]"
2252,"[0, 8, 16]"
2253,"[0, 8, 16]"
2254,"[0, 8, 16]"
2255,"[0, 8, 16]"
2256,"[0, 8, 16]"
2257,"[0, 8, 16]"
2258,"[0, 8, 16]"
2259,"[0, 8, 16]"
2260,"[0, 8, 16]"
2261,"[0, 8, 16]"
2262,"[0, 8, 16]"
2263,"[0, 8, 16]"
2264,"[0, 8, 16]"
2265,"[0, 8, 16]"
2266,"[0, 8, 16]"
2267,"[0, 8, 16]"
2268,"[0, 8, 16]"
2269,"[0, 8, 16]"
2270,"[16, 6, 28]"
2271,"[0, 8, 16]"
2272,"[0, 8, 16]"
2273,"[0, 8, 16]"
2274,"[0, 8, 16]"
2275,"[0, 8, 16]"
2276,"[0, 8, 16]"
2277,"[0, 8, 16]"
2278,"[0, 8, 16]"
2279,"[0, 8, 16]"
2280,"[0, 8, 16]"
2281,"[0, 8, 16]"
2282,"[0, 8, 16]"
2283,"[0, 8, 16]"
2284,"[0, 8, 16]"
2285,"[0, 8, 16]"
2286,"[0, 8, 16]"
2287,"[0, 8, 16]"
2288,"[0, 8, 16]"
2289,"[0, 8, 16]"
2290,"[16, 6, 26]"
2291,"[0, 8, 16]"
2292,"[16, 6, 28]"
2293,"[16, 6, 28]"
2294,"[0, 8, 16]"
2295,"[0, 8, 16]"
2296,"[0, 8, 16]"
2297,"[0, 8, 16]"
2298,"[0, 8, 16]"
2299,"[16, 6, 26]"
2300,"[0, 8, 16]"
2301,"[0, 8, 16]"
2302,"[16, 6, 28]"
2303,"[16, 6, 26]"
2304,"[0, 8, 16]"
2305,"[0, 8, 16]"
2306,"[0, 8, 16]"
2307,"[0, 8, 16]"
2308,"[0, 8, 16]"
2309,"[0, 8, 16]"
2310,"[0, 8, 16]"
2311,"[0, 8, 16]"
2312,"[16, 6, 28]"
2313,"[0, 8, 16]"
2314,"[0, 8, 16]"
2315,"[0, 8, 16]"
2316,"[16, 6, 28]"
2317,"[0, 8, 16]"
2318,"[0, 8, 16]"
2319,"[0, 8, 16]"
2320,"[0, 8, 16]"
2321,"[0, 8, 16]"
2322,"[0, 8, 16]"
2323,"[0, 8, 16]"
2324,"[0, 8, 16]"
2325,"[0, 8, 16]"
2326,"[0, 8, 16]"
2327,"[0, 8, 16]"
2328,"[0, 8, 16]"
2329,"[16, 6, 28]"
2330,"[0, 8, 16]"
2331,"[0, 8, 16]"
2332,"[0, 8, 16]"
2333,"[0, 8, 16]"
2334,"[0, 25, 26]"
2335,"[0, 8, 16]"
2336,"[0, 8, 16]"
2337,"[0, 8, 16]"
2338,"[0, 8, 16]"
2339,"[0, 8, 16]"
2340,"[0, 8, 16]"
2341,"[0, 8, 16]"
2342,"[0, 8, 16]"
2343,"[0, 8, 16]"
2344,"[0, 8, 16]"
2345,"[0, 8, 16]"
2346,"[0, 8, 16]"
2347,"[0, 8, 16]"
2348,"[0, 8, 16]"
2349,"[0, 8, 16]"
2350,"[0, 8, 16]"
2351,"[0, 8, 16]"
2352,"[0, 8, 16]"
2353,"[0, 8, 16]"
2354,"[0, 8, 16]"
2355,"[0, 8, 16]"
2356,"[0, 8, 16]"
2357,"[0, 8, 16]"
2358,"[0, 8, 16]"
2359,"[0, 8, 16]"
2360,"[0, 8, 16]"
2361,"[0, 8, 16]"
2362,"[0, 8, 16]"
2363,"[0, 8, 16]"
2364,"[0, 8, 16]"
2365,"[0, 8, 16]"
2366,"[0, 8, 16]"
2367,"[0, 8, 16]"
2368,"[0, 8, 16]"
2369,"[0, 8, 16]"
2370,"[0, 8, 16]"
2371,"[0, 8, 16]"
2372,"[0, 8, 16]"
2373,"[0, 8, 16]"
2374,"[0, 8, 16]"
2375,"[0, 8, 16]"
2376,"[0, 8, 16]"
2377,"[0, 8, 16]"
2378,"[0, 8, 16]"
2379,"[0, 8, 16]"
2380,"[0, 8, 16]"
2381,"[0, 8, 16]"
2382,"[0, 8, 16]"
2383,"[16, 6, 26]"
2384,"[0, 8, 16]"
2385,"[0, 8, 16]"
2386,"[0, 8, 16]"
2387,"[0, 8, 16]"
2388,"[0, 8, 16]"
2389,"[0, 8, 16]"
2390,"[0, 8, 16]"
2391,"[0, 8, 16]"
2392,"[0, 8, 16]"
2393,"[0, 8, 16]"
2394,"[0, 8, 16]"
2395,"[0, 8, 16]"
2396,"[0, 8, 16]"
2397,"[0, 8, 16]"
2398,"[0, 8, 16]"
2399,"[0, 8, 16]"
2400,"[0, 8, 16]"
2401,"[0, 8, 16]"
2402,"[0, 8, 16]"
2403,"[0, 8, 16]"
2404,"[16, 6, 28]"
2405,"[0, 8, 16]"
2406,"[0, 8, 16]"
2407,"[0, 8, 16]"
2408,"[16, 6, 28]"
2409,"[16, 6, 28]"
2410,"[0, 8, 16]"
2411,"[0, 8, 16]"
2412,"[0, 8, 16]"
2413,"[0, 8, 16]"
2414,"[0, 8, 16]"
2415,"[0, 8, 16]"
2416,"[0, 8, 16]"
2417,"[0, 8, 29]"
2418,"[0, 8, 16]"
2419,"[16, 6, 26]"
2420,"[0, 8, 16]"
2421,"[0, 8, 16]"
2422,"[0, 8, 16]"
2423,"[0, 8, 16]"
2424,"[0, 8, 16]"
2425,"[0, 8, 16]"
2426,"[0, 8, 16]"
2427,"[0, 8, 16]"
2428,"[16, 6, 26]"
2429,"[0, 8, 16]"
2430,"[0, 8, 16]"
2431,"[0, 8, 16]"
2432,"[0, 8, 16]"
2433,"[0, 8, 16]"
2434,"[0, 8, 16]"
2435,"[0, 8, 16]"
2436,"[0, 8, 16]"
2437,"[0, 8, 16]"
2438,"[0, 8, 16]"
2439,"[0, 8, 16]"
2440,"[0, 8, 16]"
2441,"[0, 8, 16]"
2442,"[0, 8, 16]"
2443,"[0, 8, 16]"
2444,"[0, 8, 16]"
2445,"[0, 8, 16]"
2446,"[0, 8, 16]"
2447,"[0, 8, 16]"
2448,"[0, 8, 16]"
2449,"[0, 8, 16]"
2450,"[0, 8, 16]"
2451,"[0, 8, 16]"
2452,"[0, 8, 16]"
2453,"[0, 8, 16]"
2454,"[0, 8, 16]"
2455,"[0, 8, 16]"
2456,"[0, 8, 16]"
2457,"[0, 8, 16]"
2458,"[0, 8, 16]"
2459,"[16, 6, 26]"
2460,"[0, 8, 16]"
2461,"[0, 8, 16]"
2462,"[0, 8, 16]"
2463,"[0, 8, 16]"
2464,"[0, 8, 16]"
2465,"[0, 8, 16]"
2466,"[0, 8, 16]"
2467,"[0, 8, 16]"
2468,"[0, 8, 16]"
2469,"[0, 8, 16]"
2470,"[0, 8, 16]"
2471,"[16, 6, 28]"
2472,"[0, 8, 16]"
2473,"[0, 8, 16]"
2474,"[0, 8, 16]"
2475,"[0, 8, 16]"
2476,"[16, 6, 28]"
2477,"[0, 8, 16]"
2478,"[0, 8, 16]"
2479,"[0, 8, 16]"
2480,"[0, 8, 16]"
2481,"[0, 8, 16]"
2482,"[0, 8, 16]"
2483,"[0, 8, 16]"
2484,"[16, 6, 28]"
2485,"[0, 8, 16]"
2486,"[0, 8, 16]"
2487,"[0, 8, 16]"
2488,"[0, 8, 16]"
2489,"[0, 8, 16]"
2490,"[0, 8, 16]"
2491,"[0, 8, 16]"
2492,"[16, 6, 28]"
2493,"[0, 8, 16]"
2494,"[0, 8, 16]"
2495,"[0, 8, 16]"
2496,"[0, 8, 16]"
2497,"[0, 8, 16]"
2498,"[0, 8, 16]"
2499,"[0, 8, 16]"
2500,"[0, 8, 16]"
2501,"[0, 8, 16]"
2502,"[0, 8, 16]"
2503,"[16, 6, 28]"
2504,"[0, 8, 16]"
2505,"[0, 8, 16]"
2506,"[0, 8, 16]"
2507,"[0, 8, 16]"
2508,"[0, 8, 16]"
2509,"[0, 8, 16]"
2510,"[0, 8, 16]"
2511,"[0, 8, 16]"
2512,"[0, 8, 16]"
2513,"[0, 8, 16]"
2514,"[16, 6, 28]"
2515,"[16, 6, 28]"
2516,"[0, 8, 16]"
2517,"[0, 8, 16]"
2518,"[0, 8, 16]"
2519,"[0, 8, 16]"
2520,"[0, 8, 16]"
2521,"[0, 8, 16]"
2522,"[16, 6, 28]"
2523,"[0, 8, 16]"
2524,"[0, 8, 16]"
2525,"[16, 6, 26]"
2526,"[0, 8, 16]"
2527,"[0, 8, 16]"
2528,"[0, 8, 16]"
2529,"[16, 6, 26]"
2530,"[0, 8, 16]"
2531,"[0, 8, 16]"
2532,"[0, 8, 16]"
2533,"[0, 8, 16]"
2534,"[0, 8, 16]"
2535,"[0, 8, 16]"
2536,"[18, 24, 16]"
2537,"[16, 6, 28]"
2538,"[16, 6, 28]"
2539,"[0, 8, 16]"
2540,"[0, 8, 16]"
2541,"[0, 8, 16]"
2542,"[0, 8, 16]"
2543,"[0, 8, 16]"
2544,"[0, 8, 16]"
2545,"[0, 8, 16]"
2546,"[0, 8, 16]"
2547,"[0, 8, 16]"
2548,"[0, 8, 16]"
2549,"[0, 8, 16]"
2550,"[0, 8, 16]"
2551,"[0, 8, 16]"
2552,"[0, 8, 16]"
2553,"[0, 8, 16]"
2554,"[0, 8, 16]"
2555,"[0, 8, 16]"
2556,"[0, 8, 16]"
2557,"[0, 8, 16]"
2558,"[16, 6, 28]"
2559,"[16, 6, 28]"
2560,"[0, 8, 16]"
2561,"[16, 6, 26]"
2562,"[0, 8, 16]"
2563,"[0, 8, 16]"
2564,"[0, 8, 16]"
2565,"[0, 8, 16]"
2566,"[0, 8, 16]"
2567,"[0, 8, 16]"
2568,"[0, 8, 16]"
2569,"[0, 8, 16]"
2570,"[16, 6, 26]"
2571,"[0, 8, 16]"
2572,"[0, 8, 16]"
2573,"[16, 6, 26]"
2574,"[0, 8, 16]"
2575,"[0, 8, 16]"
2576,"[0, 8, 16]"
2577,"[0, 8, 16]"
2578,"[0, 8, 16]"
2579,"[0, 8, 16]"
2580,"[0, 8, 16]"
2581,"[0, 8, 16]"
2582,"[0, 8, 16]"
2583,"[0, 8, 16]"
2584,"[0, 8, 16]"
2585,"[0, 8, 16]"
2586,"[0, 8, 16]"
2587,"[16, 6, 28]"
2588,"[0, 8, 16]"
2589,"[0, 8, 16]"
2590,"[16, 6, 26]"
2591,"[0, 8, 16]"
2592,"[0, 8, 16]"
2593,"[0, 8, 16]"
2594,"[0, 8, 16]"
2595,"[16, 6, 26]"
2596,"[0, 8, 16]"
2597,"[0, 8, 16]"
2598,"[0, 8, 16]"
2599,"[0, 8, 16]"
2600,"[0, 8, 16]"
2601,"[0, 8, 16]"
2602,"[0, 8, 16]"
2603,"[0, 8, 16]"
2604,"[0, 8, 16]"
2605,"[0, 8, 16]"
2606,"[0, 8, 16]"
2607,"[0, 8, 16]"
2608,"[0, 8, 16]"
2609,"[0, 8, 16]"
2610,"[0, 8, 16]"
2611,"[0, 8, 16]"
2612,"[0, 8, 16]"
2613,"[0, 8, 16]"
2614,"[0, 8, 16]"
2615,"[0, 8, 16]"
2616,"[0, 8, 16]"
2617,"[0, 8, 16]"
2618,"[0, 8, 16]"
2619,"[0, 8, 16]"
2620,"[0, 8, 16]"
2621,"[0, 8, 16]"
2622,"[0, 8, 16]"
2623,"[0, 8, 16]"
2624,"[0, 8, 16]"
2625,"[0, 8, 16]"
2626,"[0, 8, 16]"
2627,"[0, 8, 16]"
2628,"[0, 8, 16]"
2629,"[0, 8, 16]"
2630,"[0, 8, 16]"
2631,"[0, 8, 16]"
2632,"[0, 8, 16]"
2633,"[0, 8, 16]"
2634,"[0, 8, 16]"
2635,"[0, 8, 16]"
2636,"[0, 8, 16]"
2637,"[0, 8, 16]"
2638,"[0, 8, 16]"
2639,"[0, 8, 16]"
2640,"[0, 8, 16]"
2641,"[0, 8, 16]"
2642,"[0, 8, 16]"
2643,"[0, 8, 16]"
2644,"[0, 8, 16]"
2645,"[0, 8, 16]"
2646,"[0, 8, 16]"
2647,"[0, 8, 16]"
2648,"[0, 8, 16]"
2649,"[0, 8, 16]"
2650,"[0, 8, 16]"
2651,"[0, 8, 16]"
2652,"[0, 8, 16]"
2653,"[0, 8, 16]"
2654,"[0, 8, 16]"
2655,"[0, 8, 16]"
2656,"[16, 6, 28]"
2657,"[0, 8, 16]"
2658,"[0, 8, 16]"
2659,"[0, 8, 16]"
2660,"[16, 6, 26]"
2661,"[0, 8, 16]"
2662,"[0, 8, 16]"
2663,"[16, 6, 28]"
2664,"[0, 8, 16]"
2665,"[0, 8, 16]"
2666,"[0, 8, 16]"
2667,"[0, 8, 16]"
2668,"[0, 8, 16]"
2669,"[0, 8, 16]"
2670,"[0, 8, 16]"
2671,"[0, 8, 16]"
2672,"[0, 8, 16]"
2673,"[0, 8, 16]"
2674,"[16, 6, 28]"
2675,"[0, 8, 16]"
2676,"[0, 8, 16]"
2677,"[0, 8, 16]"
2678,"[0, 8, 16]"
2679,"[0, 8, 16]"
2680,"[0, 8, 16]"
2681,"[0, 8, 16]"
2682,"[0, 8, 16]"
2683,"[16, 6, 28]"
2684,"[0, 8, 16]"
2685,"[0, 8, 16]"
2686,"[16, 6, 28]"
2687,"[0, 8, 16]"
2688,"[0, 8, 16]"
2689,"[0, 8, 16]"
2690,"[0, 8, 16]"
2691,"[0, 8, 16]"
2692,"[0, 8, 16]"
2693,"[0, 8, 16]"
2694,"[0, 8, 16]"
2695,"[0, 8, 16]"
2696,"[0, 8, 16]"
2697,"[0, 8, 16]"
2698,"[0, 8, 16]"
2699,"[0, 8, 16]"
2700,"[0, 8, 16]"
2701,"[18, 24, 16]"
2702,"[0, 8, 16]"
2703,"[0, 8, 16]"
2704,"[0, 8, 16]"
2705,"[0, 8, 16]"
2706,"[0, 8, 16]"
2707,"[0, 8, 16]"
2708,"[0, 8, 16]"
2709,"[0, 8, 16]"
2710,"[0, 8, 16]"
2711,"[0, 8, 16]"
2712,"[0, 8, 16]"
2713,"[0, 8, 16]"
2714,"[0, 8, 16]"
2715,"[0, 8, 16]"
2716,"[0, 8, 16]"
2717,"[16, 6, 26]"
2718,"[0, 8, 16]"
2719,"[0, 8, 16]"
2720,"[0, 8, 16]"
2721,"[0, 8, 16]"
2722,"[0, 8, 16]"
2723,"[0, 8, 16]"
2724,"[0, 8, 16]"
2725,"[0, 8, 16]"
2726,"[0, 8, 16]"
2727,"[16, 6, 28]"
2728,"[0, 8, 16]"
2729,"[16, 6, 28]"
2730,"[0, 8, 16]"
2731,"[0, 8, 16]"
2732,"[0, 8, 16]"
2733,"[0, 8, 16]"
2734,"[0, 8, 16]"
2735,"[0, 8, 16]"
2736,"[0, 8, 16]"
2737,"[0, 8, 16]"
2738,"[0, 8, 16]"
2739,"[0, 8, 16]"
2740,"[0, 8, 16]"
2741,"[0, 8, 16]"
2742,"[0, 8, 16]"
2743,"[0, 8, 16]"
2744,"[0, 8, 16]"
2745,"[0, 8, 16]"
2746,"[0, 8, 16]"
2747,"[0, 8, 16]"
2748,"[0, 8, 16]"
2749,"[0, 8, 16]"
2750,"[0, 8, 16]"
2751,"[0, 8, 16]"
2752,"[0, 8, 16]"
2753,"[16, 6, 26]"
2754,"[0, 8, 16]"
2755,"[0, 8, 16]"
2756,"[0, 8, 16]"
2757,"[0, 8, 16]"
2758,"[16, 6, 26]"
2759,"[0, 8, 16]"
2760,"[0, 8, 16]"
2761,"[0, 8, 16]"
2762,"[0, 8, 16]"
2763,"[0, 8, 16]"
2764,"[0, 8, 16]"
2765,"[0, 8, 16]"
2766,"[16, 6, 28]"
2767,"[0, 8, 16]"
2768,"[0, 8, 16]"
2769,"[0, 8, 16]"
2770,"[0, 8, 16]"
2771,"[16, 6, 28]"
2772,"[0, 8, 16]"
2773,"[0, 8, 16]"
2774,"[0, 8, 16]"
2775,"[0, 8, 16]"
2776,"[0, 8, 16]"
2777,"[0, 8, 16]"
2778,"[0, 8, 16]"
2779,"[0, 8, 16]"
2780,"[0, 8, 16]"
2781,"[0, 8, 16]"
2782,"[0, 8, 16]"
2783,"[0, 8, 16]"
2784,"[0, 8, 16]"
2785,"[0, 8, 16]"
2786,"[0, 8, 16]"
2787,"[0, 8, 16]"
2788,"[0, 8, 16]"
2789,"[0, 8, 16]"
2790,"[0, 8, 16]"
2791,"[0, 8, 16]"
2792,"[0, 8, 16]"
2793,"[0, 8, 16]"
2794,"[0, 8, 16]"
2795,"[0, 8, 16]"
2796,"[0, 8, 16]"
2797,"[0, 8, 16]"
2798,"[0, 8, 16]"
2799,"[0, 8, 16]"
2800,"[0, 8, 16]"
2801,"[0, 8, 16]"
2802,"[0, 8, 16]"
2803,"[0, 8, 16]"
2804,"[0, 8, 16]"
2805,"[0, 8, 16]"
2806,"[0, 8, 16]"
2807,"[0, 8, 16]"
2808,"[16, 6, 28]"
2809,"[0, 8, 16]"
2810,"[16, 6, 28]"
2811,"[0, 8, 16]"
2812,"[0, 8, 16]"
2813,"[0, 8, 16]"
2814,"[0, 8, 16]"
2815,"[0, 8, 16]"
2816,"[0, 8, 16]"
2817,"[0, 8, 16]"
2818,"[0, 8, 16]"
2819,"[0, 8, 16]"
2820,"[0, 8, 16]"
2821,"[0, 8, 16]"
2822,"[0, 8, 16]"
2823,"[0, 8, 16]"
2824,"[0, 8, 16]"
2825,"[0, 8, 16]"
2826,"[0, 8, 16]"
2827,"[0, 8, 16]"
2828,"[16, 6, 26]"
2829,"[0, 8, 16]"
2830,"[0, 8, 16]"
2831,"[0, 8, 16]"
2832,"[0, 8, 16]"
2833,"[0, 8, 16]"
2834,"[0, 8, 16]"
2835,"[0, 8, 16]"
2836,"[0, 8, 16]"
2837,"[0, 8, 16]"
2838,"[0, 8, 16]"
2839,"[0, 8, 16]"
2840,"[0, 8, 16]"
2841,"[0, 8, 16]"
2842,"[0, 8, 16]"
2843,"[0, 8, 16]"
2844,"[16, 6, 26]"
2845,"[0, 8, 16]"
2846,"[0, 8, 16]"
2847,"[0, 8, 16]"
2848,"[0, 8, 16]"
2849,"[0, 8, 16]"
2850,"[0, 8, 16]"
2851,"[0, 8, 16]"
2852,"[0, 8, 16]"
2853,"[0, 8, 16]"
2854,"[0, 8, 16]"
2855,"[0, 8, 16]"
2856,"[0, 8, 16]"
2857,"[0, 8, 16]"
2858,"[0, 8, 16]"
2859,"[0, 8, 16]"
2860,"[0, 8, 16]"
2861,"[16, 6, 26]"
2862,"[0, 8, 16]"
2863,"[0, 8, 16]"
2864,"[0, 8, 16]"
2865,"[0, 8, 16]"
2866,"[0, 8, 16]"
2867,"[0, 25, 26]"
2868,"[0, 8, 16]"
2869,"[16, 6, 26]"
2870,"[0, 8, 16]"
2871,"[0, 8, 16]"
2872,"[0, 8, 16]"
2873,"[0, 8, 16]"
2874,"[0, 8, 16]"
2875,"[0, 8, 16]"
2876,"[0, 8, 16]"
2877,"[0, 8, 16]"
2878,"[0, 8, 16]"
2879,"[0, 8, 16]"
2880,"[0, 8, 16]"
2881,"[0, 8, 16]"
2882,"[0, 8, 16]"
2883,"[0, 8, 16]"
2884,"[16, 6, 28]"
2885,"[0, 8, 16]"
2886,"[0, 8, 16]"
2887,"[0, 8, 16]"
2888,"[0, 8, 16]"
2889,"[0, 8, 16]"
2890,"[0, 8, 16]"
2891,"[0, 25, 26]"
2892,"[0, 8, 16]"
2893,"[0, 8, 16]"
2894,"[0, 8, 16]"
2895,"[18, 24, 16]"
2896,"[0, 8, 16]"
2897,"[0, 8, 16]"
2898,"[0, 8, 16]"
2899,"[0, 8, 16]"
2900,"[0, 8, 16]"
2901,"[0, 8, 16]"
2902,"[0, 8, 16]"
2903,"[0, 8, 16]"
2904,"[0, 8, 16]"
2905,"[0, 8, 16]"
2906,"[0, 8, 16]"
2907,"[0, 8, 16]"
2908,"[0, 8, 16]"
2909,"[0, 8, 16]"
2910,"[0, 8, 16]"
2911,"[16, 6, 28]"
2912,"[0, 8, 16]"
2913,"[0, 8, 16]"
2914,"[0, 8, 16]"
2915,"[0, 8, 16]"
2916,"[0, 8, 16]"
2917,"[0, 8, 16]"
2918,"[0, 8, 16]"
2919,"[0, 8, 16]"
2920,"[0, 8, 16]"
2921,"[0, 8, 16]"
2922,"[0, 8, 16]"
2923,"[0, 8, 16]"
2924,"[0, 8, 16]"
2925,"[0, 8, 16]"
2926,"[0, 8, 16]"
2927,"[0, 8, 16]"
2928,"[0, 8, 16]"
2929,"[16, 6, 28]"
2930,"[0, 8, 16]"
2931,"[0, 8, 16]"
2932,"[0, 8, 16]"
2933,"[0, 8, 16]"
2934,"[0, 8, 16]"
2935,"[0, 8, 16]"
2936,"[0, 8, 16]"
2937,"[0, 8, 16]"
2938,"[0, 8, 16]"
2939,"[0, 8, 16]"
2940,"[0, 8, 16]"
2941,"[16, 6, 28]"
2942,"[0, 8, 16]"
2943,"[0, 8, 16]"
2944,"[0, 8, 16]"
2945,"[0, 8, 16]"
2946,"[0, 8, 16]"
2947,"[0, 8, 16]"
2948,"[0, 8, 16]"
2949,"[0, 8, 16]"
2950,"[0, 25, 26]"
2951,"[16, 6, 28]"
2952,"[0, 8, 16]"
2953,"[16, 30, 26]"
2954,"[16, 30, 26]"
2955,"[16, 30, 26]"
2956,"[0, 8, 16]"
2957,"[0, 8, 16]"
2958,"[0, 8, 16]"
2959,"[0, 8, 16]"
2960,"[0, 8, 16]"
2961,"[0, 8, 16]"
2962,"[0, 8, 16]"
2963,"[0, 8, 16]"
2964,"[0, 8, 16]"
2965,"[0, 8, 16]"
2966,"[0, 8, 16]"
2967,"[16, 6, 28]"
2968,"[16, 6, 28]"
2969,"[0, 8, 16]"
2970,"[0, 8, 16]"
2971,"[0, 8, 16]"
2972,"[0, 8, 16]"
2973,"[0, 8, 16]"
2974,"[0, 8, 16]"
2975,"[0, 8, 16]"
2976,"[0, 8, 16]"
2977,"[0, 8, 16]"
2978,"[16, 6, 28]"
2979,"[0, 8, 16]"
2980,"[0, 8, 16]"
2981,"[0, 8, 16]"
2982,"[0, 8, 16]"
2983,"[0, 8, 16]"
2984,"[0, 8, 16]"
2985,"[0, 8, 16]"
2986,"[16, 6, 28]"
2987,"[0, 8, 16]"
2988,"[0, 8, 16]"
2989,"[0, 8, 16]"
2990,"[16, 6, 28]"
2991,"[0, 8, 16]"
2992,"[0, 8, 16]"
2993,"[0, 8, 16]"
2994,"[0, 8, 16]"
2995,"[0, 8, 16]"
2996,"[0, 8, 16]"
2997,"[0, 8, 16]"
2998,"[16, 6, 28]"
2999,"[0, 8, 16]"
3000,"[0, 8, 16]"
3001,"[0, 8, 16]"
3002,"[0, 8, 16]"
3003,"[0, 8, 16]"
3004,"[0, 8, 16]"
3005,"[0, 8, 16]"
3006,"[0, 8, 16]"
3007,"[0, 8, 16]"
3008,"[0, 8, 16]"
3009,"[0, 8, 16]"
3010,"[0, 8, 16]"
3011,"[0, 8, 16]"
3012,"[0, 8, 16]"
3013,"[0, 8, 16]"
3014,"[0, 8, 16]"
3015,"[0, 8, 16]"
3016,"[0, 8, 16]"
3017,"[0, 8, 16]"
3018,"[0, 8, 16]"
3019,"[0, 8, 16]"
3020,"[16, 6, 28]"
3021,"[0, 8, 16]"
3022,"[0, 8, 16]"
3023,"[0, 8, 16]"
3024,"[0, 8, 16]"
3025,"[0, 8, 16]"
3026,"[0, 8, 16]"
3027,"[0, 8, 16]"
3028,"[0, 8, 16]"
3029,"[0, 8, 16]"
3030,"[0, 8, 16]"
3031,"[0, 8, 16]"
3032,"[0, 8, 16]"
3033,"[0, 8, 16]"
3034,"[16, 6, 28]"
3035,"[0, 8, 16]"
3036,"[0, 8, 16]"
3037,"[0, 8, 16]"
3038,"[0, 8, 16]"
3039,"[0, 8, 16]"
3040,"[0, 8, 16]"
3041,"[0, 8, 16]"
3042,"[0, 8, 16]"
3043,"[0, 8, 16]"
3044,"[16, 6, 26]"
3045,"[16, 6, 28]"
3046,"[0, 8, 16]"
3047,"[0, 8, 16]"
3048,"[0, 8, 16]"
3049,"[0, 8, 16]"
3050,"[0, 8, 16]"
3051,"[0, 8, 16]"
3052,"[16, 6, 26]"
3053,"[0, 8, 16]"
3054,"[0, 8, 16]"
3055,"[0, 8, 16]"
3056,"[0, 8, 16]"
3057,"[16, 6, 28]"
3058,"[0, 8, 16]"
3059,"[0, 8, 16]"
3060,"[0, 8, 16]"
3061,"[0, 8, 16]"
3062,"[0, 8, 16]"
3063,"[0, 8, 16]"
3064,"[0, 8, 16]"
3065,"[0, 8, 16]"
3066,"[0, 8, 16]"
3067,"[0, 8, 16]"
3068,"[0, 8, 16]"
3069,"[0, 8, 16]"
3070,"[0, 8, 16]"
3071,"[0, 8, 16]"
3072,"[0, 8, 16]"
3073,"[0, 8, 16]"
3074,"[0, 8, 16]"
3075,"[0, 8, 16]"
3076,"[0, 8, 16]"
3077,"[0, 8, 16]"
3078,"[0, 8, 16]"
3079,"[0, 8, 16]"
3080,"[0, 8, 16]"
3081,"[16, 6, 28]"
3082,"[0, 8, 16]"
3083,"[0, 8, 16]"
3084,"[0, 8, 16]"
3085,"[0, 8, 16]"
3086,"[0, 8, 16]"
3087,"[0, 8, 16]"
3088,"[0, 8, 16]"
3089,"[0, 8, 16]"
3090,"[0, 8, 16]"
3091,"[0, 8, 16]"
3092,"[0, 8, 16]"
3093,"[0, 8, 16]"
3094,"[0, 8, 16]"
3095,"[0, 8, 16]"
3096,"[16, 6, 26]"
3097,"[16, 6, 26]"
3098,"[16, 6, 28]"
3099,"[16, 6, 26]"
3100,"[0, 8, 16]"
3101,"[16, 6, 26]"
3102,"[0, 8, 16]"
3103,"[16, 6, 28]"
3104,"[0, 8, 16]"
3105,"[0, 8, 16]"
3106,"[0, 8, 16]"
3107,"[0, 8, 16]"
3108,"[0, 8, 16]"
3109,"[0, 8, 16]"
3110,"[0, 8, 16]"
3111,"[0, 8, 16]"
3112,"[0, 8, 16]"
3113,"[0, 8, 16]"
3114,"[0, 8, 16]"
3115,"[16, 6, 26]"
3116,"[0, 8, 16]"
3117,"[0, 8, 16]"
3118,"[0, 8, 16]"
3119,"[0, 8, 16]"
3120,"[0, 8, 16]"
3121,"[0, 8, 16]"
3122,"[0, 8, 16]"
3123,"[0, 8, 16]"
3124,"[0, 8, 16]"
3125,"[0, 8, 16]"
3126,"[16, 6, 28]"
3127,"[0, 8, 16]"
3128,"[0, 8, 16]"
3129,"[0, 8, 16]"
3130,"[0, 8, 16]"
3131,"[0, 8, 16]"
3132,"[0, 8, 16]"
3133,"[0, 8, 16]"
3134,"[0, 8, 16]"
3135,"[0, 8, 16]"
3136,"[0, 8, 16]"
3137,"[0, 8, 16]"
3138,"[16, 6, 26]"
3139,"[0, 8, 16]"
3140,"[0, 8, 16]"
3141,"[0, 8, 16]"
3142,"[0, 8, 16]"
3143,"[0, 8, 16]"
3144,"[0, 8, 16]"
3145,"[0, 8, 16]"
3146,"[0, 8, 16]"
3147,"[0, 8, 16]"
3148,"[0, 8, 16]"
3149,"[0, 8, 16]"
3150,"[0, 8, 16]"
3151,"[0, 8, 16]"
3152,"[16, 6, 28]"
3153,"[0, 8, 16]"
3154,"[0, 8, 16]"
3155,"[0, 8, 16]"
3156,"[0, 8, 16]"
3157,"[0, 8, 16]"
3158,"[0, 8, 16]"
3159,"[16, 6, 26]"
3160,"[0, 8, 16]"
3161,"[16, 6, 26]"
3162,"[0, 8, 16]"
3163,"[16, 6, 26]"
3164,"[16, 6, 26]"
3165,"[0, 8, 16]"
3166,"[0, 8, 16]"
3167,"[0, 8, 16]"
3168,"[16, 6, 28]"
3169,"[0, 8, 16]"
3170,"[0, 8, 16]"
3171,"[0, 8, 16]"
3172,"[0, 8, 16]"
3173,"[0, 8, 16]"
3174,"[0, 8, 16]"
3175,"[0, 8, 16]"
3176,"[0, 8, 16]"
3177,"[0, 8, 16]"
3178,"[0, 8, 16]"
3179,"[0, 8, 16]"
3180,"[0, 8, 16]"
3181,"[0, 8, 16]"
3182,"[0, 8, 16]"
3183,"[0, 8, 16]"
3184,"[0, 8, 16]"
3185,"[0, 8, 16]"
3186,"[0, 8, 16]"
3187,"[0, 8, 16]"
3188,"[16, 6, 28]"
3189,"[0, 8, 16]"
3190,"[0, 8, 16]"
3191,"[0, 8, 16]"
3192,"[0, 8, 16]"
3193,"[0, 8, 16]"
3194,"[0, 8, 16]"
3195,"[0, 8, 16]"
3196,"[0, 8, 16]"
3197,"[0, 8, 16]"
3198,"[0, 8, 16]"
3199,"[0, 8, 16]"
3200,"[0, 8, 16]"
3201,"[16, 6, 26]"
3202,"[0, 8, 16]"
3203,"[0, 8, 16]"
3204,"[0, 8, 16]"
3205,"[0, 8, 16]"
3206,"[0, 8, 16]"
3207,"[0, 8, 16]"
3208,"[0, 8, 16]"
3209,"[0, 8, 16]"
3210,"[0, 8, 16]"
3211,"[0, 8, 16]"
3212,"[0, 8, 16]"
3213,"[0, 8, 16]"
3214,"[0, 8, 16]"
3215,"[0, 8, 16]"
3216,"[0, 8, 16]"
3217,"[0, 8, 16]"
3218,"[0, 8, 16]"
3219,"[0, 8, 16]"
3220,"[0, 8, 16]"
3221,"[0, 8, 16]"
3222,"[0, 8, 16]"
3223,"[0, 8, 16]"
3224,"[0, 8, 16]"
3225,"[0, 8, 16]"
3226,"[0, 8, 16]"
3227,"[0, 8, 16]"
3228,"[0, 8, 16]"
3229,"[0, 8, 16]"
3230,"[0, 8, 16]"
3231,"[0, 8, 16]"
3232,"[0, 8, 16]"
3233,"[0, 8, 16]"
3234,"[0, 8, 16]"
3235,"[0, 8, 16]"
3236,"[0, 8, 16]"
3237,"[0, 8, 16]"
3238,"[0, 8, 16]"
3239,"[0, 8, 16]"
3240,"[0, 8, 16]"
3241,"[0, 8, 16]"
3242,"[0, 8, 16]"
3243,"[0, 8, 16]"
3244,"[16, 6, 28]"
3245,"[0, 8, 16]"
3246,"[0, 8, 16]"
3247,"[0, 8, 16]"
3248,"[0, 8, 16]"
3249,"[0, 8, 16]"
3250,"[0, 8, 16]"
3251,"[0, 8, 16]"
3252,"[0, 8, 16]"
3253,"[0, 8, 16]"
3254,"[0, 8, 16]"
3255,"[0, 8, 16]"
3256,"[0, 8, 16]"
3257,"[0, 8, 16]"
3258,"[0, 8, 16]"
3259,"[0, 8, 16]"
3260,"[0, 8, 16]"
3261,"[0, 8, 16]"
3262,"[0, 8, 16]"
3263,"[0, 8, 16]"
3264,"[0, 8, 16]"
3265,"[0, 8, 16]"
3266,"[0, 8, 16]"
3267,"[0, 8, 16]"
3268,"[0, 8, 16]"
3269,"[0, 8, 16]"
3270,"[0, 8, 16]"
3271,"[0, 8, 16]"
3272,"[0, 8, 16]"
3273,"[16, 6, 28]"
3274,"[0, 8, 16]"
3275,"[0, 8, 16]"
3276,"[0, 8, 16]"
3277,"[0, 8, 16]"
3278,"[0, 8, 16]"
3279,"[0, 8, 16]"
3280,"[0, 8, 16]"
3281,"[0, 8, 16]"
3282,"[0, 8, 16]"
3283,"[0, 8, 16]"
3284,"[0, 8, 16]"
3285,"[0, 8, 16]"
3286,"[0, 8, 16]"
3287,"[0, 8, 16]"
3288,"[0, 8, 16]"
3289,"[0, 8, 16]"
3290,"[0, 8, 16]"
3291,"[0, 8, 16]"
3292,"[0, 8, 16]"
3293,"[0, 8, 16]"
3294,"[0, 8, 16]"
3295,"[0, 8, 16]"
3296,"[0, 8, 16]"
3297,"[16, 6, 28]"
3298,"[0, 8, 16]"
3299,"[16, 6, 28]"
3300,"[0, 8, 16]"
3301,"[0, 8, 16]"
3302,"[0, 8, 16]"
3303,"[0, 8, 16]"
3304,"[0, 8, 16]"
3305,"[0, 8, 16]"
3306,"[0, 8, 16]"
3307,"[0, 8, 16]"
3308,"[0, 8, 16]"
3309,"[0, 8, 16]"
3310,"[0, 8, 16]"
3311,"[0, 8, 16]"
3312,"[0, 8, 16]"
3313,"[0, 8, 16]"
3314,"[0, 8, 16]"
3315,"[0, 8, 16]"
3316,"[0, 8, 16]"
3317,"[0, 8, 16]"
3318,"[0, 8, 16]"
3319,"[0, 8, 16]"
3320,"[0, 8, 16]"
3321,"[0, 8, 16]"
3322,"[0, 8, 16]"
3323,"[0, 8, 16]"
3324,"[0, 8, 16]"
3325,"[0, 8, 16]"
3326,"[16, 6, 28]"
3327,"[16, 6, 28]"
3328,"[0, 8, 16]"
3329,"[0, 8, 16]"
3330,"[16, 6, 26]"
3331,"[0, 8, 16]"
3332,"[0, 8, 16]"
3333,"[0, 8, 16]"
3334,"[0, 8, 16]"
3335,"[0, 8, 16]"
3336,"[0, 8, 16]"
3337,"[0, 8, 16]"
3338,"[0, 8, 16]"
3339,"[0, 8, 16]"
3340,"[0, 8, 16]"
3341,"[0, 8, 16]"
3342,"[0, 8, 16]"
3343,"[0, 8, 16]"
3344,"[0, 8, 16]"
3345,"[0, 8, 16]"
3346,"[0, 8, 16]"
3347,"[16, 6, 28]"
3348,"[0, 8, 16]"
3349,"[0, 8, 16]"
3350,"[16, 6, 26]"
3351,"[0, 8, 16]"
3352,"[0, 8, 16]"
3353,"[0, 8, 16]"
3354,"[0, 8, 16]"
3355,"[0, 8, 16]"
3356,"[16, 6, 28]"
3357,"[0, 8, 16]"
3358,"[0, 8, 16]"
3359,"[0, 8, 16]"
3360,"[0, 8, 16]"
3361,"[0, 8, 16]"
3362,"[0, 8, 16]"
3363,"[0, 8, 16]"
3364,"[0, 8, 16]"
3365,"[0, 8, 16]"
3366,"[0, 8, 16]"
3367,"[0, 8, 16]"
3368,"[0, 8, 16]"
3369,"[0, 8, 16]"
3370,"[0, 8, 16]"
3371,"[0, 8, 16]"
3372,"[0, 8, 16]"
3373,"[16, 6, 28]"
3374,"[0, 8, 16]"
3375,"[0, 8, 16]"
3376,"[16, 6, 26]"
3377,"[0, 8, 16]"
3378,"[0, 8, 16]"
3379,"[0, 8, 16]"
3380,"[0, 8, 16]"
3381,"[0, 8, 16]"
3382,"[0, 8, 16]"
3383,"[16, 6, 28]"
3384,"[0, 8, 16]"
3385,"[0, 8, 16]"
3386,"[0, 8, 16]"
3387,"[0, 8, 16]"
3388,"[0, 8, 16]"
3389,"[0, 8, 16]"
3390,"[0, 8, 16]"
3391,"[0, 8, 16]"
3392,"[0, 8, 16]"
3393,"[0, 8, 16]"
3394,"[0, 8, 16]"
3395,"[0, 8, 16]"
3396,"[0, 8, 16]"
3397,"[0, 8, 16]"
3398,"[0, 8, 16]"
3399,"[0, 8, 16]"
3400,"[0, 8, 16]"
3401,"[0, 8, 16]"
3402,"[0, 8, 16]"
3403,"[0, 8, 16]"
3404,"[0, 8, 16]"
3405,"[0, 8, 16]"
3406,"[0, 8, 16]"
3407,"[0, 8, 16]"
3408,"[0, 8, 16]"
3409,"[0, 8, 16]"
3410,"[0, 8, 16]"
3411,"[0, 8, 16]"
3412,"[0, 8, 16]"
3413,"[0, 8, 16]"
3414,"[0, 8, 16]"
3415,"[0, 8, 16]"
